[
	//Bob-omb Battlefield
	{
		"name": "Bob-omb Battlefield",
		"allow_disabled": false,
		"type": "progressive",
		"stages": [{
				"img": "images/paintings/Unknown Painting.png",
				"codes": "bobP"
			}, {
				"img": "images/paintings/Bob-omb Battlefield Painting.png"
			}, {
				"img": "images/paintings/Whomp's Fortress Painting.png"
			}, {
				"img": "images/paintings/Jolly Roger Bay Painting.png"
			}, {
				"img": "images/paintings/Cool, Cool Mountain Painting.png"
			}, {
				"img": "images/paintings/Big Boo's Haunt Painting.png"
			}, {
				"img": "images/paintings/Hazy Maze Cave Painting.png"
			}, {
				"img": "images/paintings/Lethal Lava Land Painting.png"
			}, {
				"img": "images/paintings/Shifting Sand Land Painting.png"
			}, {
				"img": "images/paintings/Dire, Dire Docks Painting.png"
			}, {
				"img": "images/paintings/Snowman's Land Painting.png"
			}, {
				"img": "images/paintings/Wet-Dry World Painting.png"
			}, {
				"img": "images/paintings/Tall, Tall Mountain Painting.png"
			}, {
				"img": "images/paintings/Tiny-Huge Island Painting.png"
			}, {
				"img": "images/paintings/Tick Tock Clock Painting.png"
			}, {
				"img": "images/paintings/Rainbow Ride Painting.png"
			}, {
				"img": "images/paintings/The Princess's Secret Slide Painting.png"
			}, {
				"img": "images/paintings/The Secret Aquarium Painting.png"
			}, {
				"img": "images/paintings/Wing Mario Over the Rainbow Painting.png"
			}, {
				"img": "images/paintings/Tower of the Wing Cap Painting.png"
			}, {
				"img": "images/paintings/Cavern of the Metal Cap Painting.png"
			}, {
				"img": "images/paintings/Vanish Cap Under the Moat Painting.png"
			}, {
				"img": "images/paintings/Bowser in the Dark World Painting.png"
			}, {
				"img": "images/paintings/Bowser in the Fire Sea Painting.png"
			}
		]
	},
	//Whomp's Fortress
	{
		"name": "Whomp's Fortress",
		"allow_disabled": false,
		"type": "progressive",
		"stages": [{
			"img": "images/paintings/Unknown Painting.png",
			"codes": "wfP"
		}, {
			"img": "images/paintings/Bob-omb Battlefield Painting.png"
		}, {
			"img": "images/paintings/Whomp's Fortress Painting.png"
		}, {
			"img": "images/paintings/Jolly Roger Bay Painting.png"
		}, {
			"img": "images/paintings/Cool, Cool Mountain Painting.png"
		}, {
			"img": "images/paintings/Big Boo's Haunt Painting.png"
		}, {
			"img": "images/paintings/Hazy Maze Cave Painting.png"
		}, {
			"img": "images/paintings/Lethal Lava Land Painting.png"
		}, {
			"img": "images/paintings/Shifting Sand Land Painting.png"
		}, {
			"img": "images/paintings/Dire, Dire Docks Painting.png"
		}, {
			"img": "images/paintings/Snowman's Land Painting.png"
		}, {
			"img": "images/paintings/Wet-Dry World Painting.png"
		}, {
			"img": "images/paintings/Tall, Tall Mountain Painting.png"
		}, {
			"img": "images/paintings/Tiny-Huge Island Painting.png"
		}, {
			"img": "images/paintings/Tick Tock Clock Painting.png"
		}, {
			"img": "images/paintings/Rainbow Ride Painting.png"
		}, {
			"img": "images/paintings/The Princess's Secret Slide Painting.png"
		}, {
			"img": "images/paintings/The Secret Aquarium Painting.png"
		}, {
			"img": "images/paintings/Wing Mario Over the Rainbow Painting.png"
		}, {
			"img": "images/paintings/Tower of the Wing Cap Painting.png"
		}, {
			"img": "images/paintings/Cavern of the Metal Cap Painting.png"
		}, {
			"img": "images/paintings/Vanish Cap Under the Moat Painting.png"
		}, {
			"img": "images/paintings/Bowser in the Dark World Painting.png"
		}, {
			"img": "images/paintings/Bowser in the Fire Sea Painting.png"
		}
	]
},
	//Jolly Roger Bay
	{
		"name": "Jolly Roger Bay",
		"allow_disabled": false,
		"type": "progressive",
		"stages": [{
			"img": "images/paintings/Unknown Painting.png",
			"codes": "jrbP"
		}, {
			"img": "images/paintings/Bob-omb Battlefield Painting.png"
		}, {
			"img": "images/paintings/Whomp's Fortress Painting.png"
		}, {
			"img": "images/paintings/Jolly Roger Bay Painting.png"
		}, {
			"img": "images/paintings/Cool, Cool Mountain Painting.png"
		}, {
			"img": "images/paintings/Big Boo's Haunt Painting.png"
		}, {
			"img": "images/paintings/Hazy Maze Cave Painting.png"
		}, {
			"img": "images/paintings/Lethal Lava Land Painting.png"
		}, {
			"img": "images/paintings/Shifting Sand Land Painting.png"
		}, {
			"img": "images/paintings/Dire, Dire Docks Painting.png"
		}, {
			"img": "images/paintings/Snowman's Land Painting.png"
		}, {
			"img": "images/paintings/Wet-Dry World Painting.png"
		}, {
			"img": "images/paintings/Tall, Tall Mountain Painting.png"
		}, {
			"img": "images/paintings/Tiny-Huge Island Painting.png"
		}, {
			"img": "images/paintings/Tick Tock Clock Painting.png"
		}, {
			"img": "images/paintings/Rainbow Ride Painting.png"
		}, {
			"img": "images/paintings/The Princess's Secret Slide Painting.png"
		}, {
			"img": "images/paintings/The Secret Aquarium Painting.png"
		}, {
			"img": "images/paintings/Wing Mario Over the Rainbow Painting.png"
		}, {
			"img": "images/paintings/Tower of the Wing Cap Painting.png"
		}, {
			"img": "images/paintings/Cavern of the Metal Cap Painting.png"
		}, {
			"img": "images/paintings/Vanish Cap Under the Moat Painting.png"
		}, {
			"img": "images/paintings/Bowser in the Dark World Painting.png"
		}, {
			"img": "images/paintings/Bowser in the Fire Sea Painting.png"
		}
	]
},
	//Cool, Cool Mountain
	{
		"name": "Cool, Cool Mountain",
		"allow_disabled": false,
		"type": "progressive",
		"stages": [{
			"img": "images/paintings/Unknown Painting.png",
			"codes": "ccmP"
		}, {
			"img": "images/paintings/Bob-omb Battlefield Painting.png"
		}, {
			"img": "images/paintings/Whomp's Fortress Painting.png"
		}, {
			"img": "images/paintings/Jolly Roger Bay Painting.png"
		}, {
			"img": "images/paintings/Cool, Cool Mountain Painting.png"
		}, {
			"img": "images/paintings/Big Boo's Haunt Painting.png"
		}, {
			"img": "images/paintings/Hazy Maze Cave Painting.png"
		}, {
			"img": "images/paintings/Lethal Lava Land Painting.png"
		}, {
			"img": "images/paintings/Shifting Sand Land Painting.png"
		}, {
			"img": "images/paintings/Dire, Dire Docks Painting.png"
		}, {
			"img": "images/paintings/Snowman's Land Painting.png"
		}, {
			"img": "images/paintings/Wet-Dry World Painting.png"
		}, {
			"img": "images/paintings/Tall, Tall Mountain Painting.png"
		}, {
			"img": "images/paintings/Tiny-Huge Island Painting.png"
		}, {
			"img": "images/paintings/Tick Tock Clock Painting.png"
		}, {
			"img": "images/paintings/Rainbow Ride Painting.png"
		}, {
			"img": "images/paintings/The Princess's Secret Slide Painting.png"
		}, {
			"img": "images/paintings/The Secret Aquarium Painting.png"
		}, {
			"img": "images/paintings/Wing Mario Over the Rainbow Painting.png"
		}, {
			"img": "images/paintings/Tower of the Wing Cap Painting.png"
		}, {
			"img": "images/paintings/Cavern of the Metal Cap Painting.png"
		}, {
			"img": "images/paintings/Vanish Cap Under the Moat Painting.png"
		}, {
			"img": "images/paintings/Bowser in the Dark World Painting.png"
		}, {
			"img": "images/paintings/Bowser in the Fire Sea Painting.png"
		}
	]
},
	//Big Boo's Haunt
	{
		"name": "Big Boo's Haunt",
		"allow_disabled": false,
		"type": "progressive",
		"stages": [{
			"img": "images/paintings/Unknown Painting.png",
			"codes": "bbhP"
		}, {
			"img": "images/paintings/Bob-omb Battlefield Painting.png"
		}, {
			"img": "images/paintings/Whomp's Fortress Painting.png"
		}, {
			"img": "images/paintings/Jolly Roger Bay Painting.png"
		}, {
			"img": "images/paintings/Cool, Cool Mountain Painting.png"
		}, {
			"img": "images/paintings/Big Boo's Haunt Painting.png"
		}, {
			"img": "images/paintings/Hazy Maze Cave Painting.png"
		}, {
			"img": "images/paintings/Lethal Lava Land Painting.png"
		}, {
			"img": "images/paintings/Shifting Sand Land Painting.png"
		}, {
			"img": "images/paintings/Dire, Dire Docks Painting.png"
		}, {
			"img": "images/paintings/Snowman's Land Painting.png"
		}, {
			"img": "images/paintings/Wet-Dry World Painting.png"
		}, {
			"img": "images/paintings/Tall, Tall Mountain Painting.png"
		}, {
			"img": "images/paintings/Tiny-Huge Island Painting.png"
		}, {
			"img": "images/paintings/Tick Tock Clock Painting.png"
		}, {
			"img": "images/paintings/Rainbow Ride Painting.png"
		}, {
			"img": "images/paintings/The Princess's Secret Slide Painting.png"
		}, {
			"img": "images/paintings/The Secret Aquarium Painting.png"
		}, {
			"img": "images/paintings/Wing Mario Over the Rainbow Painting.png"
		}, {
			"img": "images/paintings/Tower of the Wing Cap Painting.png"
		}, {
			"img": "images/paintings/Cavern of the Metal Cap Painting.png"
		}, {
			"img": "images/paintings/Vanish Cap Under the Moat Painting.png"
		}, {
			"img": "images/paintings/Bowser in the Dark World Painting.png"
		}, {
			"img": "images/paintings/Bowser in the Fire Sea Painting.png"
		}
	]
},
	//Hazy Maze Cave
	{
		"name": "Hazy Maze Cave",
		"allow_disabled": false,
		"type": "progressive",
		"stages": [{
			"img": "images/paintings/Unknown Painting.png",
			"codes": "hmcP"
		}, {
			"img": "images/paintings/Bob-omb Battlefield Painting.png"
		}, {
			"img": "images/paintings/Whomp's Fortress Painting.png"
		}, {
			"img": "images/paintings/Jolly Roger Bay Painting.png"
		}, {
			"img": "images/paintings/Cool, Cool Mountain Painting.png"
		}, {
			"img": "images/paintings/Big Boo's Haunt Painting.png"
		}, {
			"img": "images/paintings/Hazy Maze Cave Painting.png"
		}, {
			"img": "images/paintings/Lethal Lava Land Painting.png"
		}, {
			"img": "images/paintings/Shifting Sand Land Painting.png"
		}, {
			"img": "images/paintings/Dire, Dire Docks Painting.png"
		}, {
			"img": "images/paintings/Snowman's Land Painting.png"
		}, {
			"img": "images/paintings/Wet-Dry World Painting.png"
		}, {
			"img": "images/paintings/Tall, Tall Mountain Painting.png"
		}, {
			"img": "images/paintings/Tiny-Huge Island Painting.png"
		}, {
			"img": "images/paintings/Tick Tock Clock Painting.png"
		}, {
			"img": "images/paintings/Rainbow Ride Painting.png"
		}, {
			"img": "images/paintings/The Princess's Secret Slide Painting.png"
		}, {
			"img": "images/paintings/The Secret Aquarium Painting.png"
		}, {
			"img": "images/paintings/Wing Mario Over the Rainbow Painting.png"
		}, {
			"img": "images/paintings/Tower of the Wing Cap Painting.png"
		}, {
			"img": "images/paintings/Cavern of the Metal Cap Painting.png"
		}, {
			"img": "images/paintings/Vanish Cap Under the Moat Painting.png"
		}, {
			"img": "images/paintings/Bowser in the Dark World Painting.png"
		}, {
			"img": "images/paintings/Bowser in the Fire Sea Painting.png"
		}
	]
},
	//Lethal Lava Land
	{
		"name": "Lethal Lava Land",
		"allow_disabled": false,
		"type": "progressive",
		"stages": [{
			"img": "images/paintings/Unknown Painting.png",
			"codes": "lllP"
		}, {
			"img": "images/paintings/Bob-omb Battlefield Painting.png"
		}, {
			"img": "images/paintings/Whomp's Fortress Painting.png"
		}, {
			"img": "images/paintings/Jolly Roger Bay Painting.png"
		}, {
			"img": "images/paintings/Cool, Cool Mountain Painting.png"
		}, {
			"img": "images/paintings/Big Boo's Haunt Painting.png"
		}, {
			"img": "images/paintings/Hazy Maze Cave Painting.png"
		}, {
			"img": "images/paintings/Lethal Lava Land Painting.png"
		}, {
			"img": "images/paintings/Shifting Sand Land Painting.png"
		}, {
			"img": "images/paintings/Dire, Dire Docks Painting.png"
		}, {
			"img": "images/paintings/Snowman's Land Painting.png"
		}, {
			"img": "images/paintings/Wet-Dry World Painting.png"
		}, {
			"img": "images/paintings/Tall, Tall Mountain Painting.png"
		}, {
			"img": "images/paintings/Tiny-Huge Island Painting.png"
		}, {
			"img": "images/paintings/Tick Tock Clock Painting.png"
		}, {
			"img": "images/paintings/Rainbow Ride Painting.png"
		}, {
			"img": "images/paintings/The Princess's Secret Slide Painting.png"
		}, {
			"img": "images/paintings/The Secret Aquarium Painting.png"
		}, {
			"img": "images/paintings/Wing Mario Over the Rainbow Painting.png"
		}, {
			"img": "images/paintings/Tower of the Wing Cap Painting.png"
		}, {
			"img": "images/paintings/Cavern of the Metal Cap Painting.png"
		}, {
			"img": "images/paintings/Vanish Cap Under the Moat Painting.png"
		}, {
			"img": "images/paintings/Bowser in the Dark World Painting.png"
		}, {
			"img": "images/paintings/Bowser in the Fire Sea Painting.png"
		}
	]
},
	//Shifting Sand Land
	{
		"name": "Shifting Sand Land",
		"allow_disabled": false,
		"type": "progressive",
		"stages": [{
			"img": "images/paintings/Unknown Painting.png",
			"codes": "sslP"
		}, {
			"img": "images/paintings/Bob-omb Battlefield Painting.png"
		}, {
			"img": "images/paintings/Whomp's Fortress Painting.png"
		}, {
			"img": "images/paintings/Jolly Roger Bay Painting.png"
		}, {
			"img": "images/paintings/Cool, Cool Mountain Painting.png"
		}, {
			"img": "images/paintings/Big Boo's Haunt Painting.png"
		}, {
			"img": "images/paintings/Hazy Maze Cave Painting.png"
		}, {
			"img": "images/paintings/Lethal Lava Land Painting.png"
		}, {
			"img": "images/paintings/Shifting Sand Land Painting.png"
		}, {
			"img": "images/paintings/Dire, Dire Docks Painting.png"
		}, {
			"img": "images/paintings/Snowman's Land Painting.png"
		}, {
			"img": "images/paintings/Wet-Dry World Painting.png"
		}, {
			"img": "images/paintings/Tall, Tall Mountain Painting.png"
		}, {
			"img": "images/paintings/Tiny-Huge Island Painting.png"
		}, {
			"img": "images/paintings/Tick Tock Clock Painting.png"
		}, {
			"img": "images/paintings/Rainbow Ride Painting.png"
		}, {
			"img": "images/paintings/The Princess's Secret Slide Painting.png"
		}, {
			"img": "images/paintings/The Secret Aquarium Painting.png"
		}, {
			"img": "images/paintings/Wing Mario Over the Rainbow Painting.png"
		}, {
			"img": "images/paintings/Tower of the Wing Cap Painting.png"
		}, {
			"img": "images/paintings/Cavern of the Metal Cap Painting.png"
		}, {
			"img": "images/paintings/Vanish Cap Under the Moat Painting.png"
		}, {
			"img": "images/paintings/Bowser in the Dark World Painting.png"
		}, {
			"img": "images/paintings/Bowser in the Fire Sea Painting.png"
		}
	]
},
	//Dire, Dire Docks
	{
		"name": "Dire, Dire Docks",
		"allow_disabled": false,
		"type": "progressive",
		"stages": [{
			"img": "images/paintings/Unknown Painting.png",
			"codes": "dddP"
		}, {
			"img": "images/paintings/Bob-omb Battlefield Painting.png"
		}, {
			"img": "images/paintings/Whomp's Fortress Painting.png"
		}, {
			"img": "images/paintings/Jolly Roger Bay Painting.png"
		}, {
			"img": "images/paintings/Cool, Cool Mountain Painting.png"
		}, {
			"img": "images/paintings/Big Boo's Haunt Painting.png"
		}, {
			"img": "images/paintings/Hazy Maze Cave Painting.png"
		}, {
			"img": "images/paintings/Lethal Lava Land Painting.png"
		}, {
			"img": "images/paintings/Shifting Sand Land Painting.png"
		}, {
			"img": "images/paintings/Dire, Dire Docks Painting.png"
		}, {
			"img": "images/paintings/Snowman's Land Painting.png"
		}, {
			"img": "images/paintings/Wet-Dry World Painting.png"
		}, {
			"img": "images/paintings/Tall, Tall Mountain Painting.png"
		}, {
			"img": "images/paintings/Tiny-Huge Island Painting.png"
		}, {
			"img": "images/paintings/Tick Tock Clock Painting.png"
		}, {
			"img": "images/paintings/Rainbow Ride Painting.png"
		}, {
			"img": "images/paintings/The Princess's Secret Slide Painting.png"
		}, {
			"img": "images/paintings/The Secret Aquarium Painting.png"
		}, {
			"img": "images/paintings/Wing Mario Over the Rainbow Painting.png"
		}, {
			"img": "images/paintings/Tower of the Wing Cap Painting.png"
		}, {
			"img": "images/paintings/Cavern of the Metal Cap Painting.png"
		}, {
			"img": "images/paintings/Vanish Cap Under the Moat Painting.png"
		}, {
			"img": "images/paintings/Bowser in the Dark World Painting.png"
		}, {
			"img": "images/paintings/Bowser in the Fire Sea Painting.png"
		}
	]
},
	//Snowman's Land
	{
		"name": "Snowman's Land",
		"allow_disabled": false,
		"type": "progressive",
		"stages": [{
			"img": "images/paintings/Unknown Painting.png",
			"codes": "slP"
		}, {
			"img": "images/paintings/Bob-omb Battlefield Painting.png"
		}, {
			"img": "images/paintings/Whomp's Fortress Painting.png"
		}, {
			"img": "images/paintings/Jolly Roger Bay Painting.png"
		}, {
			"img": "images/paintings/Cool, Cool Mountain Painting.png"
		}, {
			"img": "images/paintings/Big Boo's Haunt Painting.png"
		}, {
			"img": "images/paintings/Hazy Maze Cave Painting.png"
		}, {
			"img": "images/paintings/Lethal Lava Land Painting.png"
		}, {
			"img": "images/paintings/Shifting Sand Land Painting.png"
		}, {
			"img": "images/paintings/Dire, Dire Docks Painting.png"
		}, {
			"img": "images/paintings/Snowman's Land Painting.png"
		}, {
			"img": "images/paintings/Wet-Dry World Painting.png"
		}, {
			"img": "images/paintings/Tall, Tall Mountain Painting.png"
		}, {
			"img": "images/paintings/Tiny-Huge Island Painting.png"
		}, {
			"img": "images/paintings/Tick Tock Clock Painting.png"
		}, {
			"img": "images/paintings/Rainbow Ride Painting.png"
		}, {
			"img": "images/paintings/The Princess's Secret Slide Painting.png"
		}, {
			"img": "images/paintings/The Secret Aquarium Painting.png"
		}, {
			"img": "images/paintings/Wing Mario Over the Rainbow Painting.png"
		}, {
			"img": "images/paintings/Tower of the Wing Cap Painting.png"
		}, {
			"img": "images/paintings/Cavern of the Metal Cap Painting.png"
		}, {
			"img": "images/paintings/Vanish Cap Under the Moat Painting.png"
		}, {
			"img": "images/paintings/Bowser in the Dark World Painting.png"
		}, {
			"img": "images/paintings/Bowser in the Fire Sea Painting.png"
		}
	]
},
	//Wet-Dry World
	{
		"name": "Wet-Dry World",
		"allow_disabled": false,
		"type": "progressive",
		"stages": [{
			"img": "images/paintings/Unknown Painting.png",
			"codes": "wdwP"
		}, {
			"img": "images/paintings/Bob-omb Battlefield Painting.png"
		}, {
			"img": "images/paintings/Whomp's Fortress Painting.png"
		}, {
			"img": "images/paintings/Jolly Roger Bay Painting.png"
		}, {
			"img": "images/paintings/Cool, Cool Mountain Painting.png"
		}, {
			"img": "images/paintings/Big Boo's Haunt Painting.png"
		}, {
			"img": "images/paintings/Hazy Maze Cave Painting.png"
		}, {
			"img": "images/paintings/Lethal Lava Land Painting.png"
		}, {
			"img": "images/paintings/Shifting Sand Land Painting.png"
		}, {
			"img": "images/paintings/Dire, Dire Docks Painting.png"
		}, {
			"img": "images/paintings/Snowman's Land Painting.png"
		}, {
			"img": "images/paintings/Wet-Dry World Painting.png"
		}, {
			"img": "images/paintings/Tall, Tall Mountain Painting.png"
		}, {
			"img": "images/paintings/Tiny-Huge Island Painting.png"
		}, {
			"img": "images/paintings/Tick Tock Clock Painting.png"
		}, {
			"img": "images/paintings/Rainbow Ride Painting.png"
		}, {
			"img": "images/paintings/The Princess's Secret Slide Painting.png"
		}, {
			"img": "images/paintings/The Secret Aquarium Painting.png"
		}, {
			"img": "images/paintings/Wing Mario Over the Rainbow Painting.png"
		}, {
			"img": "images/paintings/Tower of the Wing Cap Painting.png"
		}, {
			"img": "images/paintings/Cavern of the Metal Cap Painting.png"
		}, {
			"img": "images/paintings/Vanish Cap Under the Moat Painting.png"
		}, {
			"img": "images/paintings/Bowser in the Dark World Painting.png"
		}, {
			"img": "images/paintings/Bowser in the Fire Sea Painting.png"
		}
	]
},
	//Tall, Tall Mountain
	{
		"name": "Tall, Tall Mountain",
		"allow_disabled": false,
		"type": "progressive",
		"stages": [{
			"img": "images/paintings/Unknown Painting.png",
			"codes": "ttmP"
		}, {
			"img": "images/paintings/Bob-omb Battlefield Painting.png"
		}, {
			"img": "images/paintings/Whomp's Fortress Painting.png"
		}, {
			"img": "images/paintings/Jolly Roger Bay Painting.png"
		}, {
			"img": "images/paintings/Cool, Cool Mountain Painting.png"
		}, {
			"img": "images/paintings/Big Boo's Haunt Painting.png"
		}, {
			"img": "images/paintings/Hazy Maze Cave Painting.png"
		}, {
			"img": "images/paintings/Lethal Lava Land Painting.png"
		}, {
			"img": "images/paintings/Shifting Sand Land Painting.png"
		}, {
			"img": "images/paintings/Dire, Dire Docks Painting.png"
		}, {
			"img": "images/paintings/Snowman's Land Painting.png"
		}, {
			"img": "images/paintings/Wet-Dry World Painting.png"
		}, {
			"img": "images/paintings/Tall, Tall Mountain Painting.png"
		}, {
			"img": "images/paintings/Tiny-Huge Island Painting.png"
		}, {
			"img": "images/paintings/Tick Tock Clock Painting.png"
		}, {
			"img": "images/paintings/Rainbow Ride Painting.png"
		}, {
			"img": "images/paintings/The Princess's Secret Slide Painting.png"
		}, {
			"img": "images/paintings/The Secret Aquarium Painting.png"
		}, {
			"img": "images/paintings/Wing Mario Over the Rainbow Painting.png"
		}, {
			"img": "images/paintings/Tower of the Wing Cap Painting.png"
		}, {
			"img": "images/paintings/Cavern of the Metal Cap Painting.png"
		}, {
			"img": "images/paintings/Vanish Cap Under the Moat Painting.png"
		}, {
			"img": "images/paintings/Bowser in the Dark World Painting.png"
		}, {
			"img": "images/paintings/Bowser in the Fire Sea Painting.png"
		}
	]
},
	//Tiny-Huge Island
	{
		"name": "Tiny-Huge Island",
		"allow_disabled": false,
		"type": "progressive",
		"stages": [{
			"img": "images/paintings/Unknown Painting.png",
			"codes": "thiP"
		}, {
			"img": "images/paintings/Bob-omb Battlefield Painting.png"
		}, {
			"img": "images/paintings/Whomp's Fortress Painting.png"
		}, {
			"img": "images/paintings/Jolly Roger Bay Painting.png"
		}, {
			"img": "images/paintings/Cool, Cool Mountain Painting.png"
		}, {
			"img": "images/paintings/Big Boo's Haunt Painting.png"
		}, {
			"img": "images/paintings/Hazy Maze Cave Painting.png"
		}, {
			"img": "images/paintings/Lethal Lava Land Painting.png"
		}, {
			"img": "images/paintings/Shifting Sand Land Painting.png"
		}, {
			"img": "images/paintings/Dire, Dire Docks Painting.png"
		}, {
			"img": "images/paintings/Snowman's Land Painting.png"
		}, {
			"img": "images/paintings/Wet-Dry World Painting.png"
		}, {
			"img": "images/paintings/Tall, Tall Mountain Painting.png"
		}, {
			"img": "images/paintings/Tiny-Huge Island Painting.png"
		}, {
			"img": "images/paintings/Tick Tock Clock Painting.png"
		}, {
			"img": "images/paintings/Rainbow Ride Painting.png"
		}, {
			"img": "images/paintings/The Princess's Secret Slide Painting.png"
		}, {
			"img": "images/paintings/The Secret Aquarium Painting.png"
		}, {
			"img": "images/paintings/Wing Mario Over the Rainbow Painting.png"
		}, {
			"img": "images/paintings/Tower of the Wing Cap Painting.png"
		}, {
			"img": "images/paintings/Cavern of the Metal Cap Painting.png"
		}, {
			"img": "images/paintings/Vanish Cap Under the Moat Painting.png"
		}, {
			"img": "images/paintings/Bowser in the Dark World Painting.png"
		}, {
			"img": "images/paintings/Bowser in the Fire Sea Painting.png"
		}
	]
},
	//Tick Tock Clock
	{
		"name": "Tick Tock Clock",
		"allow_disabled": false,
		"type": "progressive",
		"stages": [{
			"img": "images/paintings/Unknown Painting.png",
			"codes": "ttcP"
		}, {
			"img": "images/paintings/Bob-omb Battlefield Painting.png"
		}, {
			"img": "images/paintings/Whomp's Fortress Painting.png"
		}, {
			"img": "images/paintings/Jolly Roger Bay Painting.png"
		}, {
			"img": "images/paintings/Cool, Cool Mountain Painting.png"
		}, {
			"img": "images/paintings/Big Boo's Haunt Painting.png"
		}, {
			"img": "images/paintings/Hazy Maze Cave Painting.png"
		}, {
			"img": "images/paintings/Lethal Lava Land Painting.png"
		}, {
			"img": "images/paintings/Shifting Sand Land Painting.png"
		}, {
			"img": "images/paintings/Dire, Dire Docks Painting.png"
		}, {
			"img": "images/paintings/Snowman's Land Painting.png"
		}, {
			"img": "images/paintings/Wet-Dry World Painting.png"
		}, {
			"img": "images/paintings/Tall, Tall Mountain Painting.png"
		}, {
			"img": "images/paintings/Tiny-Huge Island Painting.png"
		}, {
			"img": "images/paintings/Tick Tock Clock Painting.png"
		}, {
			"img": "images/paintings/Rainbow Ride Painting.png"
		}, {
			"img": "images/paintings/The Princess's Secret Slide Painting.png"
		}, {
			"img": "images/paintings/The Secret Aquarium Painting.png"
		}, {
			"img": "images/paintings/Wing Mario Over the Rainbow Painting.png"
		}, {
			"img": "images/paintings/Tower of the Wing Cap Painting.png"
		}, {
			"img": "images/paintings/Cavern of the Metal Cap Painting.png"
		}, {
			"img": "images/paintings/Vanish Cap Under the Moat Painting.png"
		}, {
			"img": "images/paintings/Bowser in the Dark World Painting.png"
		}, {
			"img": "images/paintings/Bowser in the Fire Sea Painting.png"
		}
	]
},
	//Rainbow Ride
	{
		"name": "Rainbow Ride",
		"allow_disabled": false,
		"type": "progressive",
		"stages": [{
			"img": "images/paintings/Unknown Painting.png",
			"codes": "rrP"
		}, {
			"img": "images/paintings/Bob-omb Battlefield Painting.png"
		}, {
			"img": "images/paintings/Whomp's Fortress Painting.png"
		}, {
			"img": "images/paintings/Jolly Roger Bay Painting.png"
		}, {
			"img": "images/paintings/Cool, Cool Mountain Painting.png"
		}, {
			"img": "images/paintings/Big Boo's Haunt Painting.png"
		}, {
			"img": "images/paintings/Hazy Maze Cave Painting.png"
		}, {
			"img": "images/paintings/Lethal Lava Land Painting.png"
		}, {
			"img": "images/paintings/Shifting Sand Land Painting.png"
		}, {
			"img": "images/paintings/Dire, Dire Docks Painting.png"
		}, {
			"img": "images/paintings/Snowman's Land Painting.png"
		}, {
			"img": "images/paintings/Wet-Dry World Painting.png"
		}, {
			"img": "images/paintings/Tall, Tall Mountain Painting.png"
		}, {
			"img": "images/paintings/Tiny-Huge Island Painting.png"
		}, {
			"img": "images/paintings/Tick Tock Clock Painting.png"
		}, {
			"img": "images/paintings/Rainbow Ride Painting.png"
		}, {
			"img": "images/paintings/The Princess's Secret Slide Painting.png"
		}, {
			"img": "images/paintings/The Secret Aquarium Painting.png"
		}, {
			"img": "images/paintings/Wing Mario Over the Rainbow Painting.png"
		}, {
			"img": "images/paintings/Tower of the Wing Cap Painting.png"
		}, {
			"img": "images/paintings/Cavern of the Metal Cap Painting.png"
		}, {
			"img": "images/paintings/Vanish Cap Under the Moat Painting.png"
		}, {
			"img": "images/paintings/Bowser in the Dark World Painting.png"
		}, {
			"img": "images/paintings/Bowser in the Fire Sea Painting.png"
		}
	]
},
	//The Princess's Secret Slide
	{
		"name": "The Princess's Secret Slide",
		"allow_disabled": false,
		"type": "progressive",
		"stages": [{
			"img": "images/paintings/Unknown Painting.png",
			"codes": "pssP"
		}, {
			"img": "images/paintings/Bob-omb Battlefield Painting.png"
		}, {
			"img": "images/paintings/Whomp's Fortress Painting.png"
		}, {
			"img": "images/paintings/Jolly Roger Bay Painting.png"
		}, {
			"img": "images/paintings/Cool, Cool Mountain Painting.png"
		}, {
			"img": "images/paintings/Big Boo's Haunt Painting.png"
		}, {
			"img": "images/paintings/Hazy Maze Cave Painting.png"
		}, {
			"img": "images/paintings/Lethal Lava Land Painting.png"
		}, {
			"img": "images/paintings/Shifting Sand Land Painting.png"
		}, {
			"img": "images/paintings/Dire, Dire Docks Painting.png"
		}, {
			"img": "images/paintings/Snowman's Land Painting.png"
		}, {
			"img": "images/paintings/Wet-Dry World Painting.png"
		}, {
			"img": "images/paintings/Tall, Tall Mountain Painting.png"
		}, {
			"img": "images/paintings/Tiny-Huge Island Painting.png"
		}, {
			"img": "images/paintings/Tick Tock Clock Painting.png"
		}, {
			"img": "images/paintings/Rainbow Ride Painting.png"
		}, {
			"img": "images/paintings/The Princess's Secret Slide Painting.png"
		}, {
			"img": "images/paintings/The Secret Aquarium Painting.png"
		}, {
			"img": "images/paintings/Wing Mario Over the Rainbow Painting.png"
		}, {
			"img": "images/paintings/Tower of the Wing Cap Painting.png"
		}, {
			"img": "images/paintings/Cavern of the Metal Cap Painting.png"
		}, {
			"img": "images/paintings/Vanish Cap Under the Moat Painting.png"
		}, {
			"img": "images/paintings/Bowser in the Dark World Painting.png"
		}, {
			"img": "images/paintings/Bowser in the Fire Sea Painting.png"
		}
	]
},
	//The Secret Aquarium
	{
		"name": "The Secret Aquarium",
		"allow_disabled": false,
		"type": "progressive",
		"stages": [{
			"img": "images/paintings/Unknown Painting.png",
			"codes": "saP"
		}, {
			"img": "images/paintings/Bob-omb Battlefield Painting.png"
		}, {
			"img": "images/paintings/Whomp's Fortress Painting.png"
		}, {
			"img": "images/paintings/Jolly Roger Bay Painting.png"
		}, {
			"img": "images/paintings/Cool, Cool Mountain Painting.png"
		}, {
			"img": "images/paintings/Big Boo's Haunt Painting.png"
		}, {
			"img": "images/paintings/Hazy Maze Cave Painting.png"
		}, {
			"img": "images/paintings/Lethal Lava Land Painting.png"
		}, {
			"img": "images/paintings/Shifting Sand Land Painting.png"
		}, {
			"img": "images/paintings/Dire, Dire Docks Painting.png"
		}, {
			"img": "images/paintings/Snowman's Land Painting.png"
		}, {
			"img": "images/paintings/Wet-Dry World Painting.png"
		}, {
			"img": "images/paintings/Tall, Tall Mountain Painting.png"
		}, {
			"img": "images/paintings/Tiny-Huge Island Painting.png"
		}, {
			"img": "images/paintings/Tick Tock Clock Painting.png"
		}, {
			"img": "images/paintings/Rainbow Ride Painting.png"
		}, {
			"img": "images/paintings/The Princess's Secret Slide Painting.png"
		}, {
			"img": "images/paintings/The Secret Aquarium Painting.png"
		}, {
			"img": "images/paintings/Wing Mario Over the Rainbow Painting.png"
		}, {
			"img": "images/paintings/Tower of the Wing Cap Painting.png"
		}, {
			"img": "images/paintings/Cavern of the Metal Cap Painting.png"
		}, {
			"img": "images/paintings/Vanish Cap Under the Moat Painting.png"
		}, {
			"img": "images/paintings/Bowser in the Dark World Painting.png"
		}, {
			"img": "images/paintings/Bowser in the Fire Sea Painting.png"
		}
	]
},
	//Wing Mario Over the Rainbow
	{
		"name": "Wing Mario Over the Rainbow",
		"allow_disabled": false,
		"type": "progressive",
		"stages": [{
			"img": "images/paintings/Unknown Painting.png",
			"codes": "WMOtRP"
		}, {
			"img": "images/paintings/Bob-omb Battlefield Painting.png"
		}, {
			"img": "images/paintings/Whomp's Fortress Painting.png"
		}, {
			"img": "images/paintings/Jolly Roger Bay Painting.png"
		}, {
			"img": "images/paintings/Cool, Cool Mountain Painting.png"
		}, {
			"img": "images/paintings/Big Boo's Haunt Painting.png"
		}, {
			"img": "images/paintings/Hazy Maze Cave Painting.png"
		}, {
			"img": "images/paintings/Lethal Lava Land Painting.png"
		}, {
			"img": "images/paintings/Shifting Sand Land Painting.png"
		}, {
			"img": "images/paintings/Dire, Dire Docks Painting.png"
		}, {
			"img": "images/paintings/Snowman's Land Painting.png"
		}, {
			"img": "images/paintings/Wet-Dry World Painting.png"
		}, {
			"img": "images/paintings/Tall, Tall Mountain Painting.png"
		}, {
			"img": "images/paintings/Tiny-Huge Island Painting.png"
		}, {
			"img": "images/paintings/Tick Tock Clock Painting.png"
		}, {
			"img": "images/paintings/Rainbow Ride Painting.png"
		}, {
			"img": "images/paintings/The Princess's Secret Slide Painting.png"
		}, {
			"img": "images/paintings/The Secret Aquarium Painting.png"
		}, {
			"img": "images/paintings/Wing Mario Over the Rainbow Painting.png"
		}, {
			"img": "images/paintings/Tower of the Wing Cap Painting.png"
		}, {
			"img": "images/paintings/Cavern of the Metal Cap Painting.png"
		}, {
			"img": "images/paintings/Vanish Cap Under the Moat Painting.png"
		}, {
			"img": "images/paintings/Bowser in the Dark World Painting.png"
		}, {
			"img": "images/paintings/Bowser in the Fire Sea Painting.png"
		}
	]
},
	//Tower of the Wing Cap
	{
		"name": "Tower of the Wing Cap",
		"allow_disabled": false,
		"type": "progressive",
		"stages": [{
			"img": "images/paintings/Unknown Painting.png",
			"codes": "wcP"
		}, {
			"img": "images/paintings/Bob-omb Battlefield Painting.png"
		}, {
			"img": "images/paintings/Whomp's Fortress Painting.png"
		}, {
			"img": "images/paintings/Jolly Roger Bay Painting.png"
		}, {
			"img": "images/paintings/Cool, Cool Mountain Painting.png"
		}, {
			"img": "images/paintings/Big Boo's Haunt Painting.png"
		}, {
			"img": "images/paintings/Hazy Maze Cave Painting.png"
		}, {
			"img": "images/paintings/Lethal Lava Land Painting.png"
		}, {
			"img": "images/paintings/Shifting Sand Land Painting.png"
		}, {
			"img": "images/paintings/Dire, Dire Docks Painting.png"
		}, {
			"img": "images/paintings/Snowman's Land Painting.png"
		}, {
			"img": "images/paintings/Wet-Dry World Painting.png"
		}, {
			"img": "images/paintings/Tall, Tall Mountain Painting.png"
		}, {
			"img": "images/paintings/Tiny-Huge Island Painting.png"
		}, {
			"img": "images/paintings/Tick Tock Clock Painting.png"
		}, {
			"img": "images/paintings/Rainbow Ride Painting.png"
		}, {
			"img": "images/paintings/The Princess's Secret Slide Painting.png"
		}, {
			"img": "images/paintings/The Secret Aquarium Painting.png"
		}, {
			"img": "images/paintings/Wing Mario Over the Rainbow Painting.png"
		}, {
			"img": "images/paintings/Tower of the Wing Cap Painting.png"
		}, {
			"img": "images/paintings/Cavern of the Metal Cap Painting.png"
		}, {
			"img": "images/paintings/Vanish Cap Under the Moat Painting.png"
		}, {
			"img": "images/paintings/Bowser in the Dark World Painting.png"
		}, {
			"img": "images/paintings/Bowser in the Fire Sea Painting.png"
		}
	]
},
	//Cavern of the Metal Cap
	{
		"name": "Cavern of the Metal Cap",
		"allow_disabled": false,
		"type": "progressive",
		"stages": [{
			"img": "images/paintings/Unknown Painting.png",
			"codes": "mcP"
		}, {
			"img": "images/paintings/Bob-omb Battlefield Painting.png"
		}, {
			"img": "images/paintings/Whomp's Fortress Painting.png"
		}, {
			"img": "images/paintings/Jolly Roger Bay Painting.png"
		}, {
			"img": "images/paintings/Cool, Cool Mountain Painting.png"
		}, {
			"img": "images/paintings/Big Boo's Haunt Painting.png"
		}, {
			"img": "images/paintings/Hazy Maze Cave Painting.png"
		}, {
			"img": "images/paintings/Lethal Lava Land Painting.png"
		}, {
			"img": "images/paintings/Shifting Sand Land Painting.png"
		}, {
			"img": "images/paintings/Dire, Dire Docks Painting.png"
		}, {
			"img": "images/paintings/Snowman's Land Painting.png"
		}, {
			"img": "images/paintings/Wet-Dry World Painting.png"
		}, {
			"img": "images/paintings/Tall, Tall Mountain Painting.png"
		}, {
			"img": "images/paintings/Tiny-Huge Island Painting.png"
		}, {
			"img": "images/paintings/Tick Tock Clock Painting.png"
		}, {
			"img": "images/paintings/Rainbow Ride Painting.png"
		}, {
			"img": "images/paintings/The Princess's Secret Slide Painting.png"
		}, {
			"img": "images/paintings/The Secret Aquarium Painting.png"
		}, {
			"img": "images/paintings/Wing Mario Over the Rainbow Painting.png"
		}, {
			"img": "images/paintings/Tower of the Wing Cap Painting.png"
		}, {
			"img": "images/paintings/Cavern of the Metal Cap Painting.png"
		}, {
			"img": "images/paintings/Vanish Cap Under the Moat Painting.png"
		}, {
			"img": "images/paintings/Bowser in the Dark World Painting.png"
		}, {
			"img": "images/paintings/Bowser in the Fire Sea Painting.png"
		}
	]
},
	//Vanish Cap Under the Moat
	{
		"name": "Vanish Cap Under the Moat",
		"allow_disabled": false,
		"type": "progressive",
		"stages": [{
			"img": "images/paintings/Unknown Painting.png",
			"codes": "vcP"
		}, {
			"img": "images/paintings/Bob-omb Battlefield Painting.png"
		}, {
			"img": "images/paintings/Whomp's Fortress Painting.png"
		}, {
			"img": "images/paintings/Jolly Roger Bay Painting.png"
		}, {
			"img": "images/paintings/Cool, Cool Mountain Painting.png"
		}, {
			"img": "images/paintings/Big Boo's Haunt Painting.png"
		}, {
			"img": "images/paintings/Hazy Maze Cave Painting.png"
		}, {
			"img": "images/paintings/Lethal Lava Land Painting.png"
		}, {
			"img": "images/paintings/Shifting Sand Land Painting.png"
		}, {
			"img": "images/paintings/Dire, Dire Docks Painting.png"
		}, {
			"img": "images/paintings/Snowman's Land Painting.png"
		}, {
			"img": "images/paintings/Wet-Dry World Painting.png"
		}, {
			"img": "images/paintings/Tall, Tall Mountain Painting.png"
		}, {
			"img": "images/paintings/Tiny-Huge Island Painting.png"
		}, {
			"img": "images/paintings/Tick Tock Clock Painting.png"
		}, {
			"img": "images/paintings/Rainbow Ride Painting.png"
		}, {
			"img": "images/paintings/The Princess's Secret Slide Painting.png"
		}, {
			"img": "images/paintings/The Secret Aquarium Painting.png"
		}, {
			"img": "images/paintings/Wing Mario Over the Rainbow Painting.png"
		}, {
			"img": "images/paintings/Tower of the Wing Cap Painting.png"
		}, {
			"img": "images/paintings/Cavern of the Metal Cap Painting.png"
		}, {
			"img": "images/paintings/Vanish Cap Under the Moat Painting.png"
		}, {
			"img": "images/paintings/Bowser in the Dark World Painting.png"
		}, {
			"img": "images/paintings/Bowser in the Fire Sea Painting.png"
		}
	]
},
	//Bowser in the Dark World
	{
		"name": "Bowser in the Dark World",
		"allow_disabled": false,
		"type": "progressive",
		"stages": [{
			"img": "images/paintings/Unknown Painting.png",
			"codes": "BitDWP"
		}, {
			"img": "images/paintings/Bob-omb Battlefield Painting.png"
		}, {
			"img": "images/paintings/Whomp's Fortress Painting.png"
		}, {
			"img": "images/paintings/Jolly Roger Bay Painting.png"
		}, {
			"img": "images/paintings/Cool, Cool Mountain Painting.png"
		}, {
			"img": "images/paintings/Big Boo's Haunt Painting.png"
		}, {
			"img": "images/paintings/Hazy Maze Cave Painting.png"
		}, {
			"img": "images/paintings/Lethal Lava Land Painting.png"
		}, {
			"img": "images/paintings/Shifting Sand Land Painting.png"
		}, {
			"img": "images/paintings/Dire, Dire Docks Painting.png"
		}, {
			"img": "images/paintings/Snowman's Land Painting.png"
		}, {
			"img": "images/paintings/Wet-Dry World Painting.png"
		}, {
			"img": "images/paintings/Tall, Tall Mountain Painting.png"
		}, {
			"img": "images/paintings/Tiny-Huge Island Painting.png"
		}, {
			"img": "images/paintings/Tick Tock Clock Painting.png"
		}, {
			"img": "images/paintings/Rainbow Ride Painting.png"
		}, {
			"img": "images/paintings/The Princess's Secret Slide Painting.png"
		}, {
			"img": "images/paintings/The Secret Aquarium Painting.png"
		}, {
			"img": "images/paintings/Wing Mario Over the Rainbow Painting.png"
		}, {
			"img": "images/paintings/Tower of the Wing Cap Painting.png"
		}, {
			"img": "images/paintings/Cavern of the Metal Cap Painting.png"
		}, {
			"img": "images/paintings/Vanish Cap Under the Moat Painting.png"
		}, {
			"img": "images/paintings/Bowser in the Dark World Painting.png"
		}, {
			"img": "images/paintings/Bowser in the Fire Sea Painting.png"
		}
	]
},
	//Bowser in the Fire Sea
	{
		"name": "Bowser in the Fire Sea",
		"allow_disabled": false,
		"type": "progressive",
		"stages": [{
			"img": "images/paintings/Unknown Painting.png",
			"codes": "BitFSP"
		}, {
			"img": "images/paintings/Bob-omb Battlefield Painting.png"
		}, {
			"img": "images/paintings/Whomp's Fortress Painting.png"
		}, {
			"img": "images/paintings/Jolly Roger Bay Painting.png"
		}, {
			"img": "images/paintings/Cool, Cool Mountain Painting.png"
		}, {
			"img": "images/paintings/Big Boo's Haunt Painting.png"
		}, {
			"img": "images/paintings/Hazy Maze Cave Painting.png"
		}, {
			"img": "images/paintings/Lethal Lava Land Painting.png"
		}, {
			"img": "images/paintings/Shifting Sand Land Painting.png"
		}, {
			"img": "images/paintings/Dire, Dire Docks Painting.png"
		}, {
			"img": "images/paintings/Snowman's Land Painting.png"
		}, {
			"img": "images/paintings/Wet-Dry World Painting.png"
		}, {
			"img": "images/paintings/Tall, Tall Mountain Painting.png"
		}, {
			"img": "images/paintings/Tiny-Huge Island Painting.png"
		}, {
			"img": "images/paintings/Tick Tock Clock Painting.png"
		}, {
			"img": "images/paintings/Rainbow Ride Painting.png"
		}, {
			"img": "images/paintings/The Princess's Secret Slide Painting.png"
		}, {
			"img": "images/paintings/The Secret Aquarium Painting.png"
		}, {
			"img": "images/paintings/Wing Mario Over the Rainbow Painting.png"
		}, {
			"img": "images/paintings/Tower of the Wing Cap Painting.png"
		}, {
			"img": "images/paintings/Cavern of the Metal Cap Painting.png"
		}, {
			"img": "images/paintings/Vanish Cap Under the Moat Painting.png"
		}, {
			"img": "images/paintings/Bowser in the Dark World Painting.png"
		}, {
			"img": "images/paintings/Bowser in the Fire Sea Painting.png"
		}
	]
},
	//Bowser in the Sky
	{
		"name": "Bowser in the Sky",
		"allow_disabled": false,
		"type": "progressive",
		"stages": [{
				"img": "images/paintings/Bowser in the Sky Painting.png",
				"codes": "BitSP"
			}, {
				"img": "images/paintings/Bowser in the Sky Painting.png"
			}
		]
	}
]