[
	//Bob-omb Battlefield
	{
		"name": "Big Bob-omb on the Summit",
		"type": "toggle",
		"img": "images/stars/Big Bob-omb.png",
		"codes": "bob1"
	}, {
		"name": "Footrace with Koopa the Quick",
		"type": "toggle",
		"img": "images/stars/Koopa the Quick.png",
		"codes": "bob2"
	}, {
		"name": "Shoot to the Island in the Sky",
		"type": "toggle",
		"img": "images/stars/Block.png",
		"codes": "bob3"
	}, {
		"name": "Find the 8 Red Coins",
		"type": "toggle",
		"img": "images/stars/Red Coin.png",
		"codes": "bob4"
	}, {
		"name": "Mario Wings to the Sky",
		"type": "toggle",
		"img": "images/stars/Secret.png",
		"codes": "bob5"
	}, {
		"name": "Behind Chain Chomp's Gate",
		"type": "toggle",
		"img": "images/stars/Power Star.png",
		"codes": "bob6"
	}, {
		"name": "100 Coins Star",
		"type": "toggle",
		"img": "images/stars/Coin.png",
		"codes": "bob7"
	},
	//Whomp's Fortress
	{
		"name": "Chip Off Whomp's Block",
		"type": "toggle",
		"img": "images/stars/Whomp King.png",
		"codes": "wf1"
	}, {
		"name": "To the Top of the Fortress",
		"type": "toggle",
		"img": "images/stars/Power Star.png",
		"codes": "wf2"
	}, {
		"name": "Shoot into the Wild Blue",
		"type": "toggle",
		"img": "images/stars/Power Star.png",
		"codes": "wf3"
	}, {
		"name": "Red Coins on the Floating Isle",
		"type": "toggle",
		"img": "images/stars/Red Coin.png",
		"codes": "wf4"
	}, {
		"name": "Fall onto the Caged Island",
		"type": "toggle",
		"img": "images/stars/Power Star.png",
		"codes": "wf5"
	}, {
		"name": "Blast Away the Wall",
		"type": "toggle",
		"img": "images/stars/Power Star.png",
		"codes": "wf6"
	}, {
		"name": "100 Coins Star",
		"type": "toggle",
		"img": "images/stars/Coin.png",
		"codes": "wf7"
	},
	//Jolly Roger Bay
	{
		"name": "Plunder in the Sunken Ship",
		"type": "toggle",
		"img": "images/stars/Block.png",
		"codes": "jrb1"
	}, {
		"name": "Can the Eel Come Out to Play?",
		"type": "toggle",
		"img": "images/stars/Unagi.png",
		"codes": "jrb2"
	}, {
		"name": "Treasure of the Ocean Cave",
		"type": "toggle",
		"img": "images/stars/Chest.png",
		"codes": "jrb3"
	}, {
		"name": "Red Coins on the Ship Afloat",
		"type": "toggle",
		"img": "images/stars/Red Coin.png",
		"codes": "jrb4"
	}, {
		"name": "Blast to the Stone Pillar",
		"type": "toggle",
		"img": "images/stars/Block.png",
		"codes": "jrb5"
	}, {
		"name": "Through the Jet Stream",
		"type": "toggle",
		"img": "images/stars/Power Star.png",
		"codes": "jrb6"
	}, {
		"name": "100 Coins Star",
		"type": "toggle",
		"img": "images/stars/Coin.png",
		"codes": "jrb7"
	},
	//Cool, Cool Mountain
	{
		"name": "Slip Slidin' Away",
		"type": "toggle",
		"img": "images/stars/Slide.png",
		"codes": "ccm1"
	}, {
		"name": "Li'l Penguin Lost",
		"type": "toggle",
		"img": "images/stars/Penguin2.png",
		"codes": "ccm2"
	}, {
		"name": "Big Penguin Race",
		"type": "toggle",
		"img": "images/stars/Penguin.png",
		"codes": "ccm3"
	}, {
		"name": "Frosty Slide for 8 Red Coins",
		"type": "toggle",
		"img": "images/stars/Red Coin.png",
		"codes": "ccm4"
	}, {
		"name": "Snowman's Lost His Head",
		"type": "toggle",
		"img": "images/stars/Snowman.png",
		"codes": "ccm5"
	}, {
		"name": "Wall Kicks Will Work",
		"type": "toggle",
		"img": "images/stars/Power Star.png",
		"codes": "ccm6"
	}, {
		"name": "100 Coins Star",
		"type": "toggle",
		"img": "images/stars/Coin.png",
		"codes": "ccm7"
	},
	//Big Boo's Haunt
	{
		"name": "Go on a Ghost Haunt",
		"type": "toggle",
		"img": "images/stars/Boo.png",
		"codes": "bbh1"
	}, {
		"name": "Ride Big Boo's Merry-Go-Round",
		"type": "toggle",
		"img": "images/stars/Boo.png",
		"codes": "bbh2"
	}, {
		"name": "Secret of the Haunted Books",
		"type": "toggle",
		"img": "images/stars/Power Star.png",
		"codes": "bbh3"
	}, {
		"name": "Seek the 8 Red Coins",
		"type": "toggle",
		"img": "images/stars/Red Coin.png",
		"codes": "bbh4"
	}, {
		"name": "Big Boo's Balcony",
		"type": "toggle",
		"img": "images/stars/Boo.png",
		"codes": "bbh5"
	}, {
		"name": "Eye to Eye in the Secret Room",
		"type": "toggle",
		"img": "images/stars/Mr. I.png",
		"codes": "bbh6"
	}, {
		"name": "100 Coins Star",
		"type": "toggle",
		"img": "images/stars/Coin.png",
		"codes": "bbh7"
	},
	//Hazy Maze Cave
	{
		"name": "Swimming Beast in the Cavern",
		"type": "toggle",
		"img": "images/stars/Power Star.png",
		"codes": "hmc1"
	}, {
		"name": "Elevator for 8 Red Coins",
		"type": "toggle",
		"img": "images/stars/Red Coin.png",
		"codes": "hmc2"
	}, {
		"name": "Metal-Head Mario Can Move!",
		"type": "toggle",
		"img": "images/stars/Power Star.png",
		"codes": "hmc3"
	}, {
		"name": "Navigating the Toxic Maze",
		"type": "toggle",
		"img": "images/stars/Power Star.png",
		"codes": "hmc4"
	}, {
		"name": "A-Maze-Ing Emergency Exit",
		"type": "toggle",
		"img": "images/stars/Power Star.png",
		"codes": "hmc5"
	}, {
		"name": "Watch for Rolling Rocks",
		"type": "toggle",
		"img": "images/stars/Power Star.png",
		"codes": "hmc6"
	}, {
		"name": "100 Coins Star",
		"type": "toggle",
		"img": "images/stars/Coin.png",
		"codes": "hmc7"
	},
	//Lethal Lava Land
	{
		"name": "Boil the Big Bully",
		"type": "toggle",
		"img": "images/stars/Bully.png",
		"codes": "lll1"
	}, {
		"name": "Bully the Bullies",
		"type": "toggle",
		"img": "images/stars/Bully.png",
		"codes": "lll2"
	}, {
		"name": "8-Coin Puzzle with 15 Pieces",
		"type": "toggle",
		"img": "images/stars/Red Coin.png",
		"codes": "lll3"
	}, {
		"name": "Red-Hot Log Rolling",
		"type": "toggle",
		"img": "images/stars/Power Star.png",
		"codes": "lll4"
	}, {
		"name": "Hot-Foot-It into the Vulcano",
		"type": "toggle",
		"img": "images/stars/Power Star.png",
		"codes": "lll5"
	}, {
		"name": "Elevator Tour in the Vulcano",
		"type": "toggle",
		"img": "images/stars/Power Star.png",
		"codes": "lll6"
	}, {
		"name": "100 Coins Star",
		"type": "toggle",
		"img": "images/stars/Coin.png",
		"codes": "lll7"
	},
	//Shifting Sand Land
	{
		"name": "In the Talons of the Big Bird",
		"type": "toggle",
		"img": "images/stars/Klepto.png",
		"codes": "ssl1"
	}, {
		"name": "Shining Atop the Pyramid",
		"type": "toggle",
		"img": "images/stars/Power Star.png",
		"codes": "ssl2"
	}, {
		"name": "Inside the Ancient Pyramid",
		"type": "toggle",
		"img": "images/stars/Power Star.png",
		"codes": "ssl3"
	}, {
		"name": "Stand Tall on the Four Pillars",
		"type": "toggle",
		"img": "images/stars/Eyerok.png",
		"codes": "ssl4"
	}, {
		"name": "Free Flying for 8 Red Coins",
		"type": "toggle",
		"img": "images/stars/Red Coin.png",
		"codes": "ssl5"
	}, {
		"name": "Pyramid Puzzle",
		"type": "toggle",
		"img": "images/stars/Secret.png",
		"codes": "ssl6"
	}, {
		"name": "100 Coins Star",
		"type": "toggle",
		"img": "images/stars/Coin.png",
		"codes": "ssl7"
	},
	//Dire, Dire Docks
	{
		"name": "Board Bowser's Sub",
		"type": "toggle",
		"img": "images/stars/Power Star.png",
		"codes": "ddd1"
	}, {
		"name": "Chests in the Current",
		"type": "toggle",
		"img": "images/stars/Chest.png",
		"codes": "ddd2"
	}, {
		"name": "Pole-Jumping for Red Coins",
		"type": "toggle",
		"img": "images/stars/Red Coin.png",
		"codes": "ddd3"
	}, {
		"name": "Through the Jet Stream",
		"type": "toggle",
		"img": "images/stars/Ring.png",
		"codes": "ddd4"
	}, {
		"name": "The Manta Ray's Reward",
		"type": "toggle",
		"img": "images/stars/Manta.png",
		"codes": "ddd5"
	}, {
		"name": "Collect the Caps...",
		"type": "toggle",
		"img": "images/stars/Power Star.png",
		"codes": "ddd6"
	}, {
		"name": "100 Coins Star",
		"type": "toggle",
		"img": "images/stars/Coin.png",
		"codes": "ddd7"
	},
	//Snowman's Land
	{
		"name": "Snowman's Big Head",
		"type": "toggle",
		"img": "images/stars/Power Star.png",
		"codes": "sl1"
	}, {
		"name": "Chill with the Bully",
		"type": "toggle",
		"img": "images/stars/Chill Bully.png",
		"codes": "sl2"
	}, {
		"name": "In the Deep Freeze",
		"type": "toggle",
		"img": "images/stars/Power Star.png",
		"codes": "sl3"
	}, {
		"name": "Whirl from the Freezing Pond",
		"type": "toggle",
		"img": "images/stars/Block.png",
		"codes": "sl4"
	}, {
		"name": "Shell Shreddin' for Red Coins",
		"type": "toggle",
		"img": "images/stars/Red Coin.png",
		"codes": "sl5"
	}, {
		"name": "Into the Igloo",
		"type": "toggle",
		"img": "images/stars/Power Star.png",
		"codes": "sl6"
	}, {
		"name": "100 Coins Star",
		"type": "toggle",
		"img": "images/stars/Coin.png",
		"codes": "sl7"
	},
	//Wet-Dry World
	{
		"name": "Shocking Arrow Lifts!",
		"type": "toggle",
		"img": "images/stars/Block.png",
		"codes": "wdw1"
	}, {
		"name": "Top o' the Town",
		"type": "toggle",
		"img": "images/stars/Block.png",
		"codes": "wdw2"
	}, {
		"name": "Secrets in the Shallows & Sky",
		"type": "toggle",
		"img": "images/stars/Secret.png",
		"codes": "wdw3"
	}, {
		"name": "Express Elevator -- Hurry Up!",
		"type": "toggle",
		"img": "images/stars/Power Star.png",
		"codes": "wdw4"
	}, {
		"name": "Go to Town for Red Coins",
		"type": "toggle",
		"img": "images/stars/Red Coin.png",
		"codes": "wdw5"
	}, {
		"name": "Quick Race Through Downtown!",
		"type": "toggle",
		"img": "images/stars/Power Star.png",
		"codes": "wdw6"
	}, {
		"name": "100 Coins Star",
		"type": "toggle",
		"img": "images/stars/Coin.png",
		"codes": "wdw7"
	},
	//Tall, Tall Mountain
	{
		"name": "Scale the Mountain",
		"type": "toggle",
		"img": "images/stars/Power Star.png",
		"codes": "ttm1"
	}, {
		"name": "Mystery of the Monkey Cage",
		"type": "toggle",
		"img": "images/stars/Ukkiki.png",
		"codes": "ttm2"
	}, {
		"name": "Scary 'Shrooms, Red Coins!",
		"type": "toggle",
		"img": "images/stars/Red Coin.png",
		"codes": "ttm3"
	}, {
		"name": "Mysterious Mountainside",
		"type": "toggle",
		"img": "images/stars/Power Star.png",
		"codes": "ttm4"
	}, {
		"name": "Breathtaking View from Bridge",
		"type": "toggle",
		"img": "images/stars/Power Star.png",
		"codes": "ttm5"
	}, {
		"name": "Blast to the Lonely Mushroom",
		"type": "toggle",
		"img": "images/stars/Power Star.png",
		"codes": "ttm6"
	}, {
		"name": "100 Coins Star",
		"type": "toggle",
		"img": "images/stars/Coin.png",
		"codes": "ttm7"
	},
	//Tiny-Huge Island
	{
		"name": "Pluck the Piranha Flower",
		"type": "toggle",
		"img": "images/stars/Piranha Plant.png",
		"codes": "thi1"
	}, {
		"name": "The Tip Top of the Huge Island",
		"type": "toggle",
		"img": "images/stars/Block.png",
		"codes": "thi2"
	}, {
		"name": "Rematch with Koopa the Quick",
		"type": "toggle",
		"img": "images/stars/Koopa the Quick.png",
		"codes": "thi3"
	}, {
		"name": "Five Itty Bitty Secrets",
		"type": "toggle",
		"img": "images/stars/Secret.png",
		"codes": "thi4"
	}, {
		"name": "Wiggler's Red Coins",
		"type": "toggle",
		"img": "images/stars/Red Coin.png",
		"codes": "thi5"
	}, {
		"name": "Make Wiggler Squirm",
		"type": "toggle",
		"img": "images/stars/Wiggler.png",
		"codes": "thi6"
	}, {
		"name": "100 Coins Star",
		"type": "toggle",
		"img": "images/stars/Coin.png",
		"codes": "thi7"
	},
	//Tick Tock Clock
	{
		"name": "Roll into the Cage",
		"type": "toggle",
		"img": "images/stars/Power Star.png",
		"codes": "ttc1"
	}, {
		"name": "The Pit and the Pendulums",
		"type": "toggle",
		"img": "images/stars/Power Star.png",
		"codes": "ttc2"
	}, {
		"name": "Get a Hand",
		"type": "toggle",
		"img": "images/stars/Power Star.png",
		"codes": "ttc3"
	}, {
		"name": "Stomp on a Thwomp",
		"type": "toggle",
		"img": "images/stars/Power Star.png",
		"codes": "ttc4"
	}, {
		"name": "Timed Jumps on Moving Bars",
		"type": "toggle",
		"img": "images/stars/Power Star.png",
		"codes": "ttc5"
	}, {
		"name": "Stop Time for Red Coins",
		"type": "toggle",
		"img": "images/stars/Red Coin.png",
		"codes": "ttc6"
	}, {
		"name": "100 Coins Star",
		"type": "toggle",
		"img": "images/stars/Coin.png",
		"codes": "ttc7"
	},
	//Rainbow Ride
	{
		"name": "Cruiser Crossing the Rainbow",
		"type": "toggle",
		"img": "images/stars/Power Star.png",
		"codes": "rr1"
	}, {
		"name": "The Big House in the Sky",
		"type": "toggle",
		"img": "images/stars/Power Star.png",
		"codes": "rr2"
	}, {
		"name": "Coins Amassed in a Maze",
		"type": "toggle",
		"img": "images/stars/Red Coin.png",
		"codes": "rr3"
	}, {
		"name": "Swingin' in the Breeze",
		"type": "toggle",
		"img": "images/stars/Power Star.png",
		"codes": "rr4"
	}, {
		"name": "Tricky Triangles!",
		"type": "toggle",
		"img": "images/stars/Power Star.png",
		"codes": "rr5"
	}, {
		"name": "Somewhere Over the Rainbow",
		"type": "toggle",
		"img": "images/stars/Block.png",
		"codes": "rr6"
	}, {
		"name": "100 Coins Star",
		"type": "toggle",
		"img": "images/stars/Coin.png",
		"codes": "rr7"
	},
	//The Princess's Secret Slide
	{
		"name": "Star in ! Block",
		"type": "toggle",
		"img": "images/stars/Block.png",
		"codes": "pss1"
	}, {
		"name": "Under 21 seconds",
		"type": "toggle",
		"img": "images/stars/Slide.png",
		"codes": "pss2"
	},
	//The Secret Aquarium
	{
		"name": "Red Coins",
		"type": "toggle",
		"img": "images/stars/Red Coin.png",
		"codes": "sa1"
	},
	//Wing Mario Over the Rainbow
	{
		"name": "Red Coins",
		"type": "toggle",
		"img": "images/stars/Red Coin.png",
		"codes": "WMOtR1"
	},
	//MIPS
	{
		"type": "toggle",
		"img": "images/stars/Mips.png",
		"codes": "mips1"
	}, {
		"type": "toggle",
		"img": "images/stars/Mips.png",
		"codes": "mips2"
	},
	//Toads
	{
		"type": "toggle",
		"img": "images/stars/Toad.png",
		"codes": "toad1"
	}, {
		"type": "toggle",
		"img": "images/stars/Toad.png",
		"codes": "toad2"
	}, {
		"type": "toggle",
		"img": "images/stars/Toad.png",
		"codes": "toad3"
	},
	//Tower of the Wing Cap
	{
		"name": "Red Coins",
		"type": "toggle",
		"img": "images/stars/Red Coin.png",
		"codes": "wc1"
	},
	//Cavern of the Metal Cap
	{
		"name": "Red Coins",
		"type": "toggle",
		"img": "images/stars/Red Coin.png",
		"codes": "mc1"
	},
	//Vanish Cap Under the Moat
	{
		"name": "Red Coins",
		"type": "toggle",
		"img": "images/stars/Red Coin.png",
		"codes": "vc1"
	},
	//Bowser in the Dark World
	{
		"name": "Red Coins",
		"type": "toggle",
		"img": "images/stars/Red Coin.png",
		"codes": "BitDW1"
	},
	//Bowser in the Fire Sea
	{
		"name": "Red Coins",
		"type": "toggle",
		"img": "images/stars/Red Coin.png",
		"codes": "BitFS1"
	},
	//Bowser in the Sky
	{
		"name": "Red Coins",
		"type": "toggle",
		"img": "images/stars/Red Coin.png",
		"codes": "BitS1"
	}
]