[
	//Seed Digit 1
	{
		"allow_disabled": false,
		"type": "progressive",
		"stages": [{
				"img": "images/font/Question Mark.png",
				"codes": "seedDigit1"
			}, {
				"img": "images/font/0.png"
			}, {
				"img": "images/font/1.png"
			}, {
				"img": "images/font/2.png"
			}, {
				"img": "images/font/3.png"
			}, {
				"img": "images/font/4.png"
			}, {
				"img": "images/font/5.png"
			}, {
				"img": "images/font/6.png"
			}
		]
	},
	//Seed Digit 2
	{
		"allow_disabled": false,
		"type": "progressive",
		"stages": [{
				"img": "images/font/Question Mark.png",
				"codes": "seedDigit2"
			}, {
				"img": "images/font/0.png"
			}, {
				"img": "images/font/1.png"
			}, {
				"img": "images/font/2.png"
			}, {
				"img": "images/font/3.png"
			}, {
				"img": "images/font/4.png"
			}, {
				"img": "images/font/5.png"
			}, {
				"img": "images/font/6.png"
			}, {
				"img": "images/font/7.png"
			}, {
				"img": "images/font/8.png"
			}, {
				"img": "images/font/9.png"
			}
		]
	},
	//Seed Digit 3
	{
		"allow_disabled": false,
		"type": "progressive",
		"stages": [{
				"img": "images/font/Question Mark.png",
				"codes": "seedDigit3"
			}, {
				"img": "images/font/0.png"
			}, {
				"img": "images/font/1.png"
			}, {
				"img": "images/font/2.png"
			}, {
				"img": "images/font/3.png"
			}, {
				"img": "images/font/4.png"
			}, {
				"img": "images/font/5.png"
			}, {
				"img": "images/font/6.png"
			}, {
				"img": "images/font/7.png"
			}, {
				"img": "images/font/8.png"
			}, {
				"img": "images/font/9.png"
			}
		]
	},
	//Seed Digit 4
	{
		"allow_disabled": false,
		"type": "progressive",
		"stages": [{
				"img": "images/font/Question Mark.png",
				"codes": "seedDigit4"
			}, {
				"img": "images/font/0.png"
			}, {
				"img": "images/font/1.png"
			}, {
				"img": "images/font/2.png"
			}, {
				"img": "images/font/3.png"
			}, {
				"img": "images/font/4.png"
			}, {
				"img": "images/font/5.png"
			}, {
				"img": "images/font/6.png"
			}, {
				"img": "images/font/7.png"
			}, {
				"img": "images/font/8.png"
			}, {
				"img": "images/font/9.png"
			}
		]
	},
	//Seed Digit 5
	{
		"allow_disabled": false,
		"type": "progressive",
		"stages": [{
				"img": "images/font/Question Mark.png",
				"codes": "seedDigit5"
			}, {
				"img": "images/font/0.png"
			}, {
				"img": "images/font/1.png"
			}, {
				"img": "images/font/2.png"
			}, {
				"img": "images/font/3.png"
			}, {
				"img": "images/font/4.png"
			}, {
				"img": "images/font/5.png"
			}, {
				"img": "images/font/6.png"
			}, {
				"img": "images/font/7.png"
			}, {
				"img": "images/font/8.png"
			}, {
				"img": "images/font/9.png"
			}
		]
	},
	//Seed Font
	{
		"allow_disabled": false,
		"type": "progressive",
		"stages": [{
				"img": "images/font/Seed.png",
				"codes": "fontSeed"
			}, {
				"img": "images/font/Seed.png"
			}
		]
	},
	//Star Font
	{
		"allow_disabled": false,
		"type": "progressive",
		"stages": [{
				"img": "images/font/Star.png",
				"codes": "fontStar"
			}, {
				"img": "images/font/Star.png"
			}
		]
	},
	//X Font
	{
		"allow_disabled": false,
		"type": "progressive",
		"stages": [{
				"img": "images/font/X.png",
				"codes": "fontX"
			}, {
				"img": "images/font/X.png"
			}
		]
	},
	//Bob-omb Battlefield Font
	{
		"allow_disabled": false,
		"type": "progressive",
		"stages": [{
				"img": "images/font/Bob-omb Battlefield.png",
				"codes": "bobF"
			}, {
				"img": "images/font/Bob-omb Battlefield.png"
			}
		]
	},
	//Whomp's Fortress Font
	{
		"allow_disabled": false,
		"type": "progressive",
		"stages": [{
				"img": "images/font/Whomp's Fortress.png",
				"codes": "wfF"
			}, {
				"img": "images/font/Whomp's Fortress.png"
			}
		]
	},
	//Jolly Roger Bay Font
	{
		"allow_disabled": false,
		"type": "progressive",
		"stages": [{
				"img": "images/font/Jolly Roger Bay.png",
				"codes": "jrbF"
			}, {
				"img": "images/font/Jolly Roger Bay.png"
			}
		]
	},
	//Cool, Cool Mountain Font
	{
		"allow_disabled": false,
		"type": "progressive",
		"stages": [{
				"img": "images/font/Cool, Cool Mountain.png",
				"codes": "ccmF"
			}, {
				"img": "images/font/Cool, Cool Mountain.png"
			}
		]
	},
	//Big Boo's Haunt Font
	{
		"allow_disabled": false,
		"type": "progressive",
		"stages": [{
				"img": "images/font/Big Boo's Haunt.png",
				"codes": "bbhF"
			}, {
				"img": "images/font/Big Boo's Haunt.png"
			}
		]
	},
	//Hazy Maze Cave font
	{
		"allow_disabled": false,
		"type": "progressive",
		"stages": [{
				"img": "images/font/Hazy Maze Cave.png",
				"codes": "hmcF"
			}, {
				"img": "images/font/Hazy Maze Cave.png"
			}
		]
	},
	//Lethal Lava Land Font
	{
		"allow_disabled": false,
		"type": "progressive",
		"stages": [{
				"img": "images/font/Lethal Lava Land.png",
				"codes": "lllF"
			}, {
				"img": "images/font/Lethal Lava Land.png"
			}
		]
	},
	//Shifting Sand Land Font
	{
		"allow_disabled": false,
		"type": "progressive",
		"stages": [{
				"img": "images/font/Shifting Sand Land.png",
				"codes": "sslF"
			}, {
				"img": "images/font/Shifting Sand Land.png"
			}
		]
	},
	//Dire, Dire Docks Font
	{
		"allow_disabled": false,
		"type": "progressive",
		"stages": [{
				"img": "images/font/Dire, Dire Docks.png",
				"codes": "dddF"
			}, {
				"img": "images/font/Dire, Dire Docks.png"
			}
		]
	},
	//Snowman's Land Font
	{
		"allow_disabled": false,
		"type": "progressive",
		"stages": [{
				"img": "images/font/Snowman's Land.png",
				"codes": "slF"
			}, {
				"img": "images/font/Snowman's Land.png"
			}
		]
	},
	//Wet-Dry World Font
	{
		"allow_disabled": false,
		"type": "progressive",
		"stages": [{
				"img": "images/font/Wet-Dry World.png",
				"codes": "wdwF"
			}, {
				"img": "images/font/Wet-Dry World.png"
			}
		]
	},
	//Tall, Tall Mountain font
	{
		"allow_disabled": false,
		"type": "progressive",
		"stages": [{
				"img": "images/font/Tall, Tall Mountain.png",
				"codes": "ttmF"
			}, {
				"img": "images/font/Tall, Tall Mountian.png"
			}
		]
	},
	//Tiny-Huge Island Font
	{
		"allow_disabled": false,
		"type": "progressive",
		"stages": [{
				"img": "images/font/Tiny-Huge Island.png",
				"codes": "thiF"
			}, {
				"img": "images/font/Tiny-Huge Island.png"
			}
		]
	},
	//Tick Tock Clock Font
	{
		"allow_disabled": false,
		"type": "progressive",
		"stages": [{
				"img": "images/font/Tick Tock Clock.png",
				"codes": "ttcF"
			}, {
				"img": "images/font/Tick Tock Clock.png"
			}
		]
	},
	//Rainbow Ride Font
	{
		"allow_disabled": false,
		"type": "progressive",
		"stages": [{
				"img": "images/font/Rainbow Ride.png",
				"codes": "rrF"
			}, {
				"img": "images/font/Rainbow Ride.png"
			}
		]
	}
]