[
	//Seed Digit 1
	{
		"allow_disabled": false,
		"type": "progressive",
		"stages": [{
				"img": "images/font/Question Mark.png",
				"codes": "seedDigit1"
			}, {
				"img": "images/font/0.png"
			}, {
				"img": "images/font/1.png"
			}, {
				"img": "images/font/2.png"
			}, {
				"img": "images/font/3.png"
			}, {
				"img": "images/font/4.png"
			}, {
				"img": "images/font/5.png"
			}, {
				"img": "images/font/6.png"
			}
		]
	},
	//Seed Digit 2
	{
		"allow_disabled": false,
		"type": "progressive",
		"stages": [{
				"img": "images/font/Question Mark.png",
				"codes": "seedDigit2"
			}, {
				"img": "images/font/0.png"
			}, {
				"img": "images/font/1.png"
			}, {
				"img": "images/font/2.png"
			}, {
				"img": "images/font/3.png"
			}, {
				"img": "images/font/4.png"
			}, {
				"img": "images/font/5.png"
			}, {
				"img": "images/font/6.png"
			}, {
				"img": "images/font/7.png"
			}, {
				"img": "images/font/8.png"
			}, {
				"img": "images/font/9.png"
			}
		]
	},
	//Seed Digit 3
	{
		"allow_disabled": false,
		"type": "progressive",
		"stages": [{
				"img": "images/font/Question Mark.png",
				"codes": "seedDigit3"
			}, {
				"img": "images/font/0.png"
			}, {
				"img": "images/font/1.png"
			}, {
				"img": "images/font/2.png"
			}, {
				"img": "images/font/3.png"
			}, {
				"img": "images/font/4.png"
			}, {
				"img": "images/font/5.png"
			}, {
				"img": "images/font/6.png"
			}, {
				"img": "images/font/7.png"
			}, {
				"img": "images/font/8.png"
			}, {
				"img": "images/font/9.png"
			}
		]
	},
	//Seed Digit 4
	{
		"allow_disabled": false,
		"type": "progressive",
		"stages": [{
				"img": "images/font/Question Mark.png",
				"codes": "seedDigit4"
			}, {
				"img": "images/font/0.png"
			}, {
				"img": "images/font/1.png"
			}, {
				"img": "images/font/2.png"
			}, {
				"img": "images/font/3.png"
			}, {
				"img": "images/font/4.png"
			}, {
				"img": "images/font/5.png"
			}, {
				"img": "images/font/6.png"
			}, {
				"img": "images/font/7.png"
			}, {
				"img": "images/font/8.png"
			}, {
				"img": "images/font/9.png"
			}
		]
	},
	//Seed Digit 5
	{
		"allow_disabled": false,
		"type": "progressive",
		"stages": [{
				"img": "images/font/Question Mark.png",
				"codes": "seedDigit5"
			}, {
				"img": "images/font/0.png"
			}, {
				"img": "images/font/1.png"
			}, {
				"img": "images/font/2.png"
			}, {
				"img": "images/font/3.png"
			}, {
				"img": "images/font/4.png"
			}, {
				"img": "images/font/5.png"
			}, {
				"img": "images/font/6.png"
			}, {
				"img": "images/font/7.png"
			}, {
				"img": "images/font/8.png"
			}, {
				"img": "images/font/9.png"
			}
		]
	},
	//Seed Font
	{
		"allow_disabled": false,
		"type": "progressive",
		"stages": [{
				"img": "images/font/Seed.png",
				"codes": "fontSeed"
			}, {
				"img": "images/font/Seed.png"
			}
		]
	},
	//Star Font
	{
		"allow_disabled": false,
		"type": "progressive",
		"stages": [{
				"img": "images/font/Star.png",
				"codes": "fontStar"
			}, {
				"img": "images/font/Star.png"
			}
		]
	},
	//X Font
	{
		"allow_disabled": false,
		"type": "progressive",
		"stages": [{
				"img": "images/font/X.png",
				"codes": "fontX"
			}, {
				"img": "images/font/X.png"
			}
		]
	}
]