{
	"course_grid": {
		"type": "array",
		"orientation": "vertical",
		"content": [
			{
				"type": "array",
				"orientation": "horizontal",
				"h_alignment": "left",
				"margin": "0, 0, 0, 0",
				"content": [
					{
						"type": "item",
						"item": "bobP",
						"width": 64
						},
					{
						"type": "item",
						"item": "bobT",
						"width": 251
					},
					{
						"type": "item",
						"item": "wfP",
						"margin": "4, 0, 0 ,0",
						"width": 64
					},
					{
						"type": "item",
						"item": "wfT",
						"width": 215
					}
				]
			},
			{
				"type": "array",
				"orientation": "horizontal",
				"h_alignment": "left",
				"margin": "0, 0, 0, 0",
				"content": [
					{
						"type": "item",
						"margin": "64, -32, 0, 0",
						"item": "bob1",
						"width": 32
					},
					{
						"type": "item",
						"item": "bob2",
						"margin": "0, -32, 0, 0",
						"width": 32
					},
					{
						"type": "item",
						"item": "bob3",
						"margin": "0, -32, 0, 0",
						"width": 32
					},
					{
						"type": "item",
						"item": "bob4",
						"margin": "0, -32, 0, 0",
						"width": 32
					},
					{
						"type": "item",
						"item": "bob5",
						"margin": "0, -32, 0, 0",
						"width": 32
					},
					{
						"type": "item",
						"item": "bob6",
						"margin": "0, -32, 0, 0",
						"width": 32
					},
					{
						"type": "item",
						"item": "bob7",
						"margin": "0, -32, 0, 0",
						"width": 32
					},
					{
						"type": "item",
						"item": "bobC",
						"margin": "0, -32, 0, 0",
						"width": 32
					},
					{
						"type": "item",
						"margin": "64, -32, 0, 0",
						"item": "wf1",
						"width": 32
					},
					{
						"type": "item",
						"item": "wf2",
						"margin": "0, -32, 0, 0",
						"width": 32
					},
					{
						"type": "item",
						"item": "wf3",
						"margin": "0, -32, 0, 0",
						"width": 32
					},
					{
						"type": "item",
						"item": "wf4",
						"margin": "0, -32, 0, 0",
						"width": 32
					},
					{
						"type": "item",
						"item": "wf5",
						"margin": "0, -32, 0, 0",
						"width": 32
					},
					{
						"type": "item",
						"item": "wf6",
						"margin": "0, -32, 0, 0",
						"width": 32
					},
					{
						"type": "item",
						"item": "wf7",
						"margin": "0, -32, 0, 0",
						"width": 32
					},
					{
						"type": "item",
						"item": "wfC",
						"margin": "0, -32, 0, 0",
						"width": 32
					}
				]
			},
			{
				"type": "array",
				"orientation": "horizontal",
				"h_alignment": "left",
				"margin": "0, 5, 0, 0",
				"content": [
					{
						"type": "item",
						"item": "jrbP",
						"width": 64
					},
					{
						"type": "item",
						"item": "jrbT",
						"width": 189
					},
					{
						"type": "item",
						"item": "ccmP",
						"margin": "66, 0, 0 ,0",
						"width": 64
					},
					{
						"type": "item",
						"item": "ccmT",
						"width": 239
					}
				]
			},
			{
				"type": "array",
				"orientation": "horizontal",
				"h_alignment": "left",
				"margin": "0, 0, 0, 0",
				"content": [
					{
						"type": "item",
						"margin": "64, -32, 0, 0",
						"item": "jrb1",
						"width": 32
					},
					{
						"type": "item",
						"item": "jrb2",
						"margin": "0, -32, 0, 0",
						"width": 32
					},
					{
						"type": "item",
						"item": "jrb3",
						"margin": "0, -32, 0, 0",
						"width": 32
					},
					{
						"type": "item",
						"item": "jrb4",
						"margin": "0, -32, 0, 0",
						"width": 32
					},
					{
						"type": "item",
						"item": "jrb5",
						"margin": "0, -32, 0, 0",
						"width": 32
					},
					{
						"type": "item",
						"item": "jrb6",
						"margin": "0, -32, 0, 0",
						"width": 32
					},
					{
						"type": "item",
						"item": "jrb7",
						"margin": "0, -32, 0, 0",
						"width": 32
					},
					{
						"type": "item",
						"item": "jrbC",
						"margin": "0, -32, 0, 0",
						"width": 32
					},
					{
						"type": "item",
						"margin": "64, -32, 0, 0",
						"item": "ccm1",
						"width": 32
					},
					{
						"type": "item",
						"item": "ccm2",
						"margin": "0, -32, 0, 0",
						"width": 32
					},
					{
						"type": "item",
						"item": "ccm3",
						"margin": "0, -32, 0, 0",
						"width": 32
					},
					{
						"type": "item",
						"item": "ccm4",
						"margin": "0, -32, 0, 0",
						"width": 32
					},
					{
						"type": "item",
						"item": "ccm5",
						"margin": "0, -32, 0, 0",
						"width": 32
					},
					{
						"type": "item",
						"item": "ccm6",
						"margin": "0, -32, 0, 0",
						"width": 32
					},
					{
						"type": "item",
						"item": "ccm7",
						"margin": "0, -32, 0, 0",
						"width": 32
					},
					{
						"type": "item",
						"item": "ccmC",
						"margin": "0, -32, 0, 0",
						"width": 32
					}
				]
			},
			{
				"type": "array",
				"orientation": "horizontal",
				"h_alignment": "left",
				"margin": "0, 5, 0, 0",
				"content": [
					{
						"type": "item",
						"item": "bbhP",
						"width": 64
					},
					{
						"type": "item",
						"item": "bbhT",
						"width": 186
					},
					{
						"type": "item",
						"item": "hmcP",
						"margin": "69, 0, 0 ,0",
						"width": 64
					},
					{
						"type": "item",
						"item": "hmcT",
						"width": 187
					}
				]
			},
			{
				"type": "array",
				"orientation": "horizontal",
				"h_alignment": "left",
				"margin": "0, 0, 0, 0",
				"content": [
					{
						"type": "item",
						"margin": "64, -32, 0, 0",
						"item": "bbh1",
						"width": 32
					},
					{
						"type": "item",
						"item": "bbh2",
						"margin": "0, -32, 0, 0",
						"width": 32
					},
					{
						"type": "item",
						"item": "bbh3",
						"margin": "0, -32, 0, 0",
						"width": 32
					},
					{
						"type": "item",
						"item": "bbh4",
						"margin": "0, -32, 0, 0",
						"width": 32
					},
					{
						"type": "item",
						"item": "bbh5",
						"margin": "0, -32, 0, 0",
						"width": 32
					},
					{
						"type": "item",
						"item": "bbh6",
						"margin": "0, -32, 0, 0",
						"width": 32
					},
					{
						"type": "item",
						"item": "bbh7",
						"margin": "0, -32, 0, 0",
						"width": 32
					},
					{
						"type": "item",
						"margin": "96, -32, 0, 0",
						"item": "hmc1",
						"width": 32
					},
					{
						"type": "item",
						"item": "hmc2",
						"margin": "0, -32, 0, 0",
						"width": 32
					},
					{
						"type": "item",
						"item": "hmc3",
						"margin": "0, -32, 0, 0",
						"width": 32
					},
					{
						"type": "item",
						"item": "hmc4",
						"margin": "0, -32, 0, 0",
						"width": 32
					},
					{
						"type": "item",
						"item": "hmc5",
						"margin": "0, -32, 0, 0",
						"width": 32
					},
					{
						"type": "item",
						"item": "hmc6",
						"margin": "0, -32, 0, 0",
						"width": 32
					},
					{
						"type": "item",
						"item": "hmc7",
						"margin": "0, -32, 0, 0",
						"width": 32
					}
				]
			},
			{
				"type": "array",
				"orientation": "horizontal",
				"h_alignment": "left",
				"margin": "0, 5, 0, 0",
				"content": [
					{
						"type": "item",
						"item": "lllP",
						"width": 64
					},
					{
						"type": "item",
						"item": "lllT",
						"width": 207
					},
					{
						"type": "item",
						"item": "sslP",
						"margin": "48, 0, 0 ,0",
						"width": 64
					},
					{
						"type": "item",
						"item": "sslT",
						"width": 238
					}
				]
			},
			{
				"type": "array",
				"orientation": "horizontal",
				"h_alignment": "left",
				"margin": "0, 0, 0, 0",
				"content": [
					{
						"type": "item",
						"margin": "64, -32, 0, 0",
						"item": "lll1",
						"width": 32
					},
					{
						"type": "item",
						"item": "lll2",
						"margin": "0, -32, 0, 0",
						"width": 32
					},
					{
						"type": "item",
						"item": "lll3",
						"margin": "0, -32, 0, 0",
						"width": 32
					},
					{
						"type": "item",
						"item": "lll4",
						"margin": "0, -32, 0, 0",
						"width": 32
					},
					{
						"type": "item",
						"item": "lll5",
						"margin": "0, -32, 0, 0",
						"width": 32
					},
					{
						"type": "item",
						"item": "lll6",
						"margin": "0, -32, 0, 0",
						"width": 32
					},
					{
						"type": "item",
						"item": "lll7",
						"margin": "0, -32, 0, 0",
						"width": 32
					},
					{
						"type": "item",
						"margin": "96, -32, 0, 0",
						"item": "ssl1",
						"width": 32
					},
					{
						"type": "item",
						"item": "ssl2",
						"margin": "0, -32, 0, 0",
						"width": 32
					},
					{
						"type": "item",
						"item": "ssl3",
						"margin": "0, -32, 0, 0",
						"width": 32
					},
					{
						"type": "item",
						"item": "ssl4",
						"margin": "0, -32, 0, 0",
						"width": 32
					},
					{
						"type": "item",
						"item": "ssl5",
						"margin": "0, -32, 0, 0",
						"width": 32
					},
					{
						"type": "item",
						"item": "ssl6",
						"margin": "0, -32, 0, 0",
						"width": 32
					},
					{
						"type": "item",
						"item": "ssl7",
						"margin": "0, -32, 0, 0",
						"width": 32
					},
					{
						"type": "item",
						"item": "sslC",
						"margin": "0, -32, 0, 0",
						"width": 32
					}
				]
			},
			{
				"type": "array",
				"orientation": "horizontal",
				"h_alignment": "left",
				"margin": "0, 5, 0, 0",
				"content": [
					{
						"type": "item",
						"item": "dddP",
						"width": 64
					},
					{
						"type": "item",
						"item": "dddT",
						"width": 195
					},
					{
						"type": "item",
						"item": "slP",
						"margin": "60, 0, 0 ,0",
						"width": 64
					},
					{
						"type": "item",
						"item": "slT",
						"width": 192
					}
				]
			},
			{
				"type": "array",
				"orientation": "horizontal",
				"h_alignment": "left",
				"margin": "0, 0, 0, 0",
				"content": [
					{
						"type": "item",
						"margin": "64, -32, 0, 0",
						"item": "ddd1",
						"width": 32
					},
					{
						"type": "item",
						"item": "ddd2",
						"margin": "0, -32, 0, 0",
						"width": 32
					},
					{
						"type": "item",
						"item": "ddd3",
						"margin": "0, -32, 0, 0",
						"width": 32
					},
					{
						"type": "item",
						"item": "ddd4",
						"margin": "0, -32, 0, 0",
						"width": 32
					},
					{
						"type": "item",
						"item": "ddd5",
						"margin": "0, -32, 0, 0",
						"width": 32
					},
					{
						"type": "item",
						"item": "ddd6",
						"margin": "0, -32, 0, 0",
						"width": 32
					},
					{
						"type": "item",
						"item": "ddd7",
						"margin": "0, -32, 0, 0",
						"width": 32
					},
					{
						"type": "item",
						"margin": "96, -32, 0, 0",
						"item": "sl1",
						"width": 32
					},
					{
						"type": "item",
						"item": "sl2",
						"margin": "0, -32, 0, 0",
						"width": 32
					},
					{
						"type": "item",
						"item": "sl3",
						"margin": "0, -32, 0, 0",
						"width": 32
					},
					{
						"type": "item",
						"item": "sl4",
						"margin": "0, -32, 0, 0",
						"width": 32
					},
					{
						"type": "item",
						"item": "sl5",
						"margin": "0, -32, 0, 0",
						"width": 32
					},
					{
						"type": "item",
						"item": "sl6",
						"margin": "0, -32, 0, 0",
						"width": 32
					},
					{
						"type": "item",
						"item": "sl7",
						"margin": "0, -32, 0, 0",
						"width": 32
					},
					{
						"type": "item",
						"item": "slC",
						"margin": "0, -32, 0, 0",
						"width": 32
					}
				]
			},
			{
				"type": "array",
				"orientation": "horizontal",
				"h_alignment": "left",
				"margin": "0, 5, 0, 0",
				"content": [
					{
						"type": "item",
						"item": "wdwP",
						"width": 64
					},
					{
						"type": "item",
						"item": "wdwT",
						"width": 180
					},
					{
						"type": "item",
						"item": "ttmP",
						"margin": "75, 0, 0 ,0",
						"width": 64
					},
					{
						"type": "item",
						"item": "ttmT",
						"width": 241
					}
				]
			},
			{
				"type": "array",
				"orientation": "horizontal",
				"h_alignment": "left",
				"margin": "0, 0, 0, 0",
				"content": [
					{
						"type": "item",
						"margin": "64, -32, 0, 0",
						"item": "wdw1",
						"width": 32
					},
					{
						"type": "item",
						"item": "wdw2",
						"margin": "0, -32, 0, 0",
						"width": 32
					},
					{
						"type": "item",
						"item": "wdw3",
						"margin": "0, -32, 0, 0",
						"width": 32
					},
					{
						"type": "item",
						"item": "wdw4",
						"margin": "0, -32, 0, 0",
						"width": 32
					},
					{
						"type": "item",
						"item": "wdw5",
						"margin": "0, -32, 0, 0",
						"width": 32
					},
					{
						"type": "item",
						"item": "wdw6",
						"margin": "0, -32, 0, 0",
						"width": 32
					},
					{
						"type": "item",
						"item": "wdw7",
						"margin": "0, -32, 0, 0",
						"width": 32
					},
					{
						"type": "item",
						"item": "wdwC",
						"margin": "0, -32, 0, 0",
						"width": 32
					},
					{
						"type": "item",
						"margin": "64, -32, 0, 0",
						"item": "ttm1",
						"width": 32
					},
					{
						"type": "item",
						"item": "ttm2",
						"margin": "0, -32, 0, 0",
						"width": 32
					},
					{
						"type": "item",
						"item": "ttm3",
						"margin": "0, -32, 0, 0",
						"width": 32
					},
					{
						"type": "item",
						"item": "ttm4",
						"margin": "0, -32, 0, 0",
						"width": 32
					},
					{
						"type": "item",
						"item": "ttm5",
						"margin": "0, -32, 0, 0",
						"width": 32
					},
					{
						"type": "item",
						"item": "ttm6",
						"margin": "0, -32, 0, 0",
						"width": 32
					},
					{
						"type": "item",
						"item": "ttm7",
						"margin": "0, -32, 0, 0",
						"width": 32
					},
					{
						"type": "item",
						"item": "ttmC",
						"margin": "0, -32, 0, 0",
						"width": 32
					}
				]
			},
			{
				"type": "array",
				"orientation": "horizontal",
				"h_alignment": "left",
				"margin": "0, 5, 0, 0",
				"content": [
					{
						"type": "item",
						"item": "thiP",
						"width": 64
					},
					{
						"type": "item",
						"item": "thiT",
						"width": 209
					},
					{
						"type": "item",
						"item": "ttcP",
						"margin": "46, 0, 0 ,0",
						"width": 64
					},
					{
						"type": "item",
						"item": "ttcT",
						"width": 182
					}
				]
			},
			{
				"type": "array",
				"orientation": "horizontal",
				"h_alignment": "left",
				"margin": "0, 0, 5, 0",
				"content": [
					{
						"type": "item",
						"margin": "64, -32, 0, 0",
						"item": "thi1",
						"width": 32
					},
					{
						"type": "item",
						"item": "thi2",
						"margin": "0, -32, 0, 0",
						"width": 32
					},
					{
						"type": "item",
						"item": "thi3",
						"margin": "0, -32, 0, 0",
						"width": 32
					},
					{
						"type": "item",
						"item": "thi4",
						"margin": "0, -32, 0, 0",
						"width": 32
					},
					{
						"type": "item",
						"item": "thi5",
						"margin": "0, -32, 0, 0",
						"width": 32
					},
					{
						"type": "item",
						"item": "thi6",
						"margin": "0, -32, 0, 0",
						"width": 32
					},
					{
						"type": "item",
						"item": "thi7",
						"margin": "0, -32, 0, 0",
						"width": 32
					},
					{
						"type": "item",
						"item": "thiC",
						"margin": "0, -32, 0, 0",
						"width": 32
					},
					{
						"type": "item",
						"margin": "64, -32, 0, 0",
						"item": "ttc1",
						"width": 32
					},
					{
						"type": "item",
						"item": "ttc2",
						"margin": "0, -32, 0, 0",
						"width": 32
					},
					{
						"type": "item",
						"item": "ttc3",
						"margin": "0, -32, 0, 0",
						"width": 32
					},
					{
						"type": "item",
						"item": "ttc4",
						"margin": "0, -32, 0, 0",
						"width": 32
					},
					{
						"type": "item",
						"item": "ttc5",
						"margin": "0, -32, 0, 0",
						"width": 32
					},
					{
						"type": "item",
						"item": "ttc6",
						"margin": "0, -32, 0, 0",
						"width": 32
					},
					{
						"type": "item",
						"item": "ttc7",
						"margin": "0, -32, 0, 0",
						"width": 32
					}
				]
			},
			{
				"type": "array",
				"orientation": "horizontal",
				"h_alignment": "left",
				"margin": "0, 5, 0, 0",
				"content": [
					{
						"type": "item",
						"item": "rrP",
						"width": 64
					},
					{
						"type": "item",
						"item": "rrT",
						"width": 160
					},
					{
						"type": "item",
						"item": "mips1",
						"margin": "160, 16, 0, 0",
						"width": 32
					},
					{
						"type": "item",
						"item": "mips2",
						"margin": "0, 16, 0, 0",
						"width": 32
					},
					{
						"type": "item",
						"item": "toad1",
						"margin": "32, 16, 0, 0",
						"width": 32
					},
					{
						"type": "item",
						"item": "toad2",
						"margin": "0, 16, 0, 0",
						"width": 32
					},
					{
						"type": "item",
						"item": "toad3",
						"margin": "0, 16, 0, 0",
						"width": 32
					}
				]
			},
			{
				"type": "array",
				"orientation": "horizontal",
				"h_alignment": "left",
				"margin": "0, 0, 0, 0",
				"content": [
					{
						"type": "item",
						"margin": "64, -32, 0, 0",
						"item": "rr1",
						"width": 32
					},
					{
						"type": "item",
						"item": "rr2",
						"margin": "0, -32, 0, 0",
						"width": 32
					},
					{
						"type": "item",
						"item": "rr3",
						"margin": "0, -32, 0, 0",
						"width": 32
					},
					{
						"type": "item",
						"item": "rr4",
						"margin": "0, -32, 0, 0",
						"width": 32
					},
					{
						"type": "item",
						"item": "rr5",
						"margin": "0, -32, 0, 0",
						"width": 32
					},
					{
						"type": "item",
						"item": "rr6",
						"margin": "0, -32, 0, 0",
						"width": 32
					},
					{
						"type": "item",
						"item": "rr7",
						"margin": "0, -32, 0, 0",
						"width": 32
					},
					{
						"type": "item",
						"item": "rrC",
						"margin": "0, -32, 0, 0",
						"width": 32
					}
				]
			},
			{
				"type": "array",
				"orientation": "horizontal",
				"h_alignment": "left",
				"margin": "0, 5, 0, 0",
				"content": [
					{
						"type": "item",
						"item": "wcP",
						"width": 64
					},
					{
						"type": "item",
						"margin": "0, 16, 0, 0",
						"item": "wc1",
						"width": 32
					},
					{
						"type": "item",
						"item": "wcS",
						"margin": "0, 16, 0, 0",
						"width": 32
					},
					{
						"type": "item",
						"item": "mcP",
						"margin": "5, 0, 0, 0",
						"width": 64
					},
					{
						"type": "item",
						"item": "mc1",
						"margin": "0, 16, 0, 0",
						"width": 32
					},
					{
						"type": "item",
						"item": "mcS",
						"margin": "0, 16, 0, 0",
						"width": 32
					},
					{
						"type": "item",
						"item": "vcP",
						"margin": "5, 0, 0, 0",
						"width": 64
					},
					{
						"type": "item",
						"item": "vc1",
						"margin": "0, 16, 0, 0",
						"width": 32
					},
					{
						"type": "item",
						"item": "vcS",
						"margin": "0, 16, 0, 0",
						"width": 32
					},
					{
						"type": "item",
						"item": "textSeed",
						"margin": "64, 0, 0, 0",
						"hwidth": 109
					}
				]
			},
			{
				"type": "array",
				"orientation": "horizontal",
				"h_alignment": "left",
				"margin": "0, 5, 0, 0",
				"content": [
					{
						"type": "item",
						"item": "BitDWP",
						"width": 64
					},
					{
						"type": "item",
						"margin": "0, 16, 0, 0",
						"item": "BitDW1",
						"width": 32
					},
					{
						"type": "item",
						"item": "BitDWK",
						"margin": "0, 16, 0, 0",
						"width": 32
					},
					{
						"type": "item",
						"item": "BitFSP",
						"margin": "5, 0, 0, 0",
						"width": 64
					},
					{
						"type": "item",
						"item": "BitFS1",
						"margin": "0, 16, 0, 0",
						"width": 32
					},
					{
						"type": "item",
						"item": "BitFSK",
						"margin": "0, 16, 0, 0",
						"width": 32
					},
					{
						"type": "item",
						"item": "BitSP",
						"margin": "5, 0, 0, 0",
						"width": 64
					},
					{
						"type": "item",
						"item": "BitS1",
						"margin": "0, 16, 0, 0",
						"width": 32
					},
					{
						"type": "item",
						"item": "seedDigit1",
						"margin": "70, -37, 0, 0",
						"width": 32
					},
					{
						"type": "item",
						"item": "seedDigit2",
						"margin": "0, -37, 0, 0",
						"width": 32
					},
					{
						"type": "item",
						"item": "seedDigit3",
						"margin": "0, -37, 0, 0",
						"width": 32
					},
					{
						"type": "item",
						"item": "seedDigit4",
						"margin": "0, -37, 0, 0",
						"width": 32
					},
					{
						"type": "item",
						"item": "seedDigit5",
						"margin": "0, -37, 0, 0",
						"width": 32
					}
				]
			},
			{
				"type": "array",
				"orientation": "horizontal",
				"h_alignment": "left",
				"margin": "0, 5, 0, 0",
				"content": [
					{
						"type": "item",
						"item": "pssP",
						"width": 64
					},
					{
						"type": "item",
						"margin": "0, 16, 0, 0",
						"item": "pss1",
						"width": 32
					},
					{
						"type": "item",
						"margin": "0, 16, 0, 0",
						"item": "pss2",
						"width": 32
					},
					{
						"type": "item",
						"item": "saP",
						"margin": "5, 0, 0, 0",
						"width": 64
					},
					{
						"type": "item",
						"item": "sa1",
						"margin": "0, 16, 0, 0",
						"width": 32
					},
					{
						"type": "item",
						"item": "WMOtRP",
						"margin": "37, 0, 0, 0",
						"width": 64
					},
					{
						"type": "item",
						"item": "WMOtR1",
						"margin": "0, 16, 0, 0",
						"width": 32
					},
					{
						"type": "item",
						"item": "WMOtRC",
						"margin": "0, 16, 0, 0",
						"width": 32
					}
				]
			}
		]
	},
	"tracker_default": {
		"type": "container",
		"background": "#212121",
		"content": {
			"type": "dock",
			"dropshadow": true,
			"content": [
				{
					"type": "dock",
					"dock": "left",
					"v_alignment": "stretch",
					"margin": "0,0,0,0",
					"content": [
						{
							"type": "group",
							"dock": "top",
							"content": {
								"type": "layout",
								"margin": 0,
								"key": "course_grid"
							}
						}
					]
				}
			]
		}
	}
}