[
	//Bob-omb Battlefield
	{
		"name": "Bob-omb Battlefield",
		"allow_disabled": false,
		"type": "progressive",
		"stages": [{
				"img": "images/paintings/Bob-omb Battlefield.png",
				"codes": "bobP"
			}, {
				"img": "images/paintings/Bob-omb Battlefield.png"
			}
		]
	},
	//Whomp's Fortress
	{
		"name": "Whomp's Fortress",
		"allow_disabled": false,
		"type": "progressive",
		"stages": [{
				"img": "images/paintings/Whomp's Fortress.png",
				"codes": "wfP"
			}, {
				"img": "images/paintings/Whomp's Fortress.png"
			}
		]
	},
	//Jolly Roger Bay
	{
		"name": "Jolly Roger Bay",
		"allow_disabled": false,
		"type": "progressive",
		"stages": [{
				"img": "images/paintings/Jolly Roger Bay.png",
				"codes": "jrbP"
			}, {
				"img": "images/paintings/Jolly Roger Bay.png"
			}
		]
	},
	//Cool, Cool Mountain
	{
		"name": "Cool, Cool Mountain",
		"allow_disabled": false,
		"type": "progressive",
		"stages": [{
				"img": "images/paintings/Cool, Cool Mountain.png",
				"codes": "ccmP"
			}, {
				"img": "images/paintings/Cool, Cool Mountain.png"
			}
		]
	},
	//Big Boo's Haunt
	{
		"name": "Big Boo's Haunt",
		"allow_disabled": false,
		"type": "progressive",
		"stages": [{
				"img": "images/paintings/Big Boo's Haunt.png",
				"codes": "bbhP"
			}, {
				"img": "images/paintings/Big Boo's Haunt.png"
			}
		]
	},
	//Hazy Maze Cave
	{
		"name": "Hazy Maze Cave",
		"allow_disabled": false,
		"type": "progressive",
		"stages": [{
				"img": "images/paintings/Hazy Maze Cave.png",
				"codes": "hmcP"
			}, {
				"img": "images/paintings/Hazy Maze Cave.png"
			}
		]
	},
	//Lethal Lava Land
	{
		"name": "Lethal Lava Land",
		"allow_disabled": false,
		"type": "progressive",
		"stages": [{
				"img": "images/paintings/Lethal Lava Land.png",
				"codes": "lllP"
			}, {
				"img": "images/paintings/Lethal Lava Land.png"
			}
		]
	},
	//Shifting Sand Land
	{
		"name": "Shifting Sand Land",
		"allow_disabled": false,
		"type": "progressive",
		"stages": [{
				"img": "images/paintings/Shifting Sand Land.png",
				"codes": "sslP"
			}, {
				"img": "images/paintings/Shifting Sand Land.png"
			}
		]
	},
	//Dire, Dire Docks
	{
		"name": "Dire, Dire Docks",
		"allow_disabled": false,
		"type": "progressive",
		"stages": [{
				"img": "images/paintings/Dire, Dire Docks.png",
				"codes": "dddP"
			}, {
				"img": "images/paintings/Dire, Dire Docks.png"
			}
		]
	},
	//Snowman's Land
	{
		"name": "Snowman's Land",
		"allow_disabled": false,
		"type": "progressive",
		"stages": [{
				"img": "images/paintings/Snowman's Land.png",
				"codes": "slP"
			}, {
				"img": "images/paintings/Snowman's Land.png"
			}
		]
	},
	//Wet-Dry World
	{
		"name": "Wet-Dry World",
		"allow_disabled": false,
		"type": "progressive",
		"stages": [{
				"img": "images/paintings/Wet-Dry World.png",
				"codes": "wdwP"
			}, {
				"img": "images/paintings/Wet-Dry World.png"
			}
		]
	},
	//Tall, Tall Mountain
	{
		"name": "Tall, Tall Mountain",
		"allow_disabled": false,
		"type": "progressive",
		"stages": [{
				"img": "images/paintings/Tall, Tall Mountain.png",
				"codes": "ttmP"
			}, {
				"img": "images/paintings/Tall, Tall Mountain.png"
			}
		]
	},
	//Tiny-Huge Island
	{
		"name": "Tiny-Huge Island",
		"allow_disabled": false,
		"type": "progressive",
		"stages": [{
				"img": "images/paintings/Tiny-Huge Island.png",
				"codes": "thiP"
			}, {
				"img": "images/paintings/Tiny-Huge Island.png"
			}
		]
	},
	//Tick Tock Clock
	{
		"name": "Tick Tock Clock",
		"allow_disabled": false,
		"type": "progressive",
		"stages": [{
				"img": "images/paintings/Tick Tock Clock.png",
				"codes": "ttcP"
			}, {
				"img": "images/paintings/Tick Tock Clock.png"
			}
		]
	},
	//Rainbow Ride
	{
		"name": "Rainbow Ride",
		"allow_disabled": false,
		"type": "progressive",
		"stages": [{
				"img": "images/paintings/Rainbow Ride.png",
				"codes": "rrP"
			}, {
				"img": "images/paintings/Rainbow Ride.png"
			}
		]
	},
	//The Princess's Secret Slide
	{
		"name": "The Princess's Secret Slide",
		"allow_disabled": false,
		"type": "progressive",
		"stages": [{
				"img": "images/paintings/The Princess's Secret Slide.png",
				"codes": "pssP"
			}, {
				"img": "images/paintings/The Princess's Secret Slide.png"
			}
		]
	},
	//The Secret Aquarium
	{
		"name": "The Secret Aquarium",
		"allow_disabled": false,
		"type": "progressive",
		"stages": [{
				"img": "images/paintings/The Secret Aquarium.png",
				"codes": "saP"
			}, {
				"img": "images/paintings/The Secret Aquarium.png"
			}
		]
	},
	//Wing Mario Over the Rainbow
	{
		"name": "Wing Mario Over the Rainbow",
		"allow_disabled": false,
		"type": "progressive",
		"stages": [{
				"img": "images/paintings/Wing Mario Over the Rainbow.png",
				"codes": "WMOtRP"
			}, {
				"img": "images/paintings/Wing Mario Over the Rainbow.png"
			}
		]
	},
	//Tower of the Wing Cap
	{
		"name": "Tower of the Wing Cap",
		"allow_disabled": false,
		"type": "progressive",
		"stages": [{
				"img": "images/paintings/Tower of the Wing Cap.png",
				"codes": "wcP"
			}, {
				"img": "images/paintings/Tower of the Wing Cap.png"
			}
		]
	},
	//Cavern of the Metal Cap
	{
		"name": "Cavern of the Metal Cap",
		"allow_disabled": false,
		"type": "progressive",
		"stages": [{
				"img": "images/paintings/Cavern of the Metal Cap.png",
				"codes": "mcP"
			}, {
				"img": "images/paintings/Cavern of the Metal Cap.png"
			}
		]
	},
	//Vanish Cap Under the Moat
	{
		"name": "Vanish Cap Under the Moat",
		"allow_disabled": false,
		"type": "progressive",
		"stages": [{
				"img": "images/paintings/Vanish Cap Under the Moat.png",
				"codes": "vcP"
			}, {
				"img": "images/paintings/Vanish Cap Under the Moat.png"
			}
		]
	},
	//Bowser in the Dark World
	{
		"name": "Bowser in the Dark World",
		"allow_disabled": false,
		"type": "progressive",
		"stages": [{
				"img": "images/paintings/Bowser in the Dark World.png",
				"codes": "BitDWP"
			}, {
				"img": "images/paintings/Bowser in the Dark World.png"
			}
		]
	},
	//Bowser in the Fire Sea
	{
		"name": "Bowser in the Fire Sea",
		"allow_disabled": false,
		"type": "progressive",
		"stages": [{
				"img": "images/paintings/Bowser in the Fire Sea.png",
				"codes": "BitFSP"
			}, {
				"img": "images/paintings/Bowser in the Fire Sea.png"
			}
		]
	},
	//Bowser in the Sky
	{
		"name": "Bowser in the Sky",
		"allow_disabled": false,
		"type": "progressive",
		"stages": [{
				"img": "images/paintings/Bowser in the Sky.png",
				"codes": "BitSP"
			}, {
				"img": "images/paintings/Bowser in the Sky.png"
			}
		]
	}
]